tile,baseline,ours,delta,changed_pct,fixed,broke,newly_discarded,all_discarded
agricultural00,31.86,31.83,-0.03,1.56,4,204,627,0
agricultural01,24.81,0.0,-24.81,99.86,0,65037,65040,0
agricultural02,30.87,30.69,-0.19,0.6,0,366,178,0
agricultural03,49.26,49.21,-0.05,0.1,0,65,50,0
agricultural04,16.9,21.91,5.01,15.87,9848,0,0,0
agricultural05,0.0,0.0,0.0,0.01,0,0,0,0
agricultural06,0.0,0.0,0.0,0.02,0,0,0,0
agricultural07,33.25,33.02,-0.23,0.69,0,450,450,0
agricultural08,33.27,0.0,-33.27,99.84,0,65406,65428,0
agricultural09,100.0,99.77,-0.23,0.23,0,148,148,0
agricultural10,0.0,0.0,0.0,0.0,0,0,0,1
agricultural11,0.0,0.0,0.0,0.12,0,0,0,0
agricultural12,32.08,16.06,-16.01,51.79,0,31485,33939,0
agricultural13,0.0,0.0,0.0,80.39,0,0,0,0
agricultural14,0.93,0.0,-0.93,99.8,0,1820,65389,0
agricultural15,0.0,0.0,0.0,0.02,0,0,0,0
agricultural16,0.0,0.0,0.0,0.0,0,0,0,1
agricultural17,50.0,49.99,-0.01,0.02,0,16,0,0
agricultural18,0.0,0.0,0.0,1.15,0,0,0,0
agricultural19,0.0,0.0,0.0,100.0,0,0,0,0
agricultural20,26.65,0.58,-26.07,98.79,0,34171,64746,0
agricultural21,0.11,19.04,18.93,92.6,37213,0,0,0
agricultural22,0.0,19.23,19.23,94.94,37801,0,0,0
agricultural23,0.0,18.11,18.11,88.2,35601,0,0,0
agricultural24,0.0,0.0,0.0,100.0,0,0,0,0
agricultural25,30.81,30.68,-0.13,0.81,0,256,282,0
agricultural26,0.0,0.0,0.0,1.28,0,0,0,0
agricultural27,2.14,0.0,-2.14,51.2,0,5597,348,0
agricultural28,30.21,0.0,-30.21,99.99,0,59405,59,0
agricultural29,0.78,1.32,0.54,90.1,3937,2154,30022,0
agricultural30,0.0,0.0,0.0,0.0,0,0,0,1
agricultural31,0.0,0.0,0.0,0.0,0,0,0,1
agricultural32,100.0,100.0,-0.0,0.0,0,2,2,0
agricultural33,100.0,0.0,-100.0,100.0,0,65536,65536,1
agricultural34,100.0,100.0,-0.0,0.0,0,3,3,0
agricultural35,49.97,49.99,0.02,0.06,35,5,7,0
agricultural36,50.0,2.37,-47.63,95.27,0,62434,57,0
agricultural37,100.0,100.0,-0.0,0.0,0,2,2,0
agricultural38,100.0,100.0,-0.0,0.0,0,2,2,0
agricultural39,99.85,0.0,-99.85,99.85,0,65437,65437,1
agricultural40,0.0,0.0,0.0,0.26,0,0,0,0
agricultural41,100.0,99.96,-0.04,0.04,0,27,27,0
agricultural42,100.0,99.99,-0.01,0.01,0,6,6,0
agricultural43,99.98,97.58,-2.4,2.4,0,1575,1575,0
agricultural44,100.0,100.0,-0.0,0.0,0,3,3,0
agricultural45,100.0,100.0,0.0,0.0,0,0,0,0
agricultural46,0.0,0.0,0.0,0.0,0,0,0,1
agricultural47,100.0,100.0,-0.0,0.0,0,2,2,0
agricultural48,33.33,33.28,-0.05,0.15,0,95,85,0
agricultural49,100.0,100.0,-0.0,0.0,0,1,1,0
agricultural50,0.02,0.0,-0.02,99.98,0,44,65501,0
agricultural51,100.0,100.0,-0.0,0.0,0,1,1,0
agricultural52,100.0,0.0,-100.0,100.0,0,65535,65535,1
agricultural53,100.0,100.0,-0.0,0.0,0,1,1,0
agricultural54,100.0,99.48,-0.52,0.52,0,341,341,0
agricultural55,100.0,86.06,-13.94,13.94,0,9138,9138,0
agricultural56,100.0,99.99,-0.01,0.01,0,6,6,0
agricultural57,0.0,0.0,0.0,0.0,0,0,0,1
agricultural58,100.0,100.0,0.0,0.0,0,0,0,0
agricultural59,50.0,50.0,-0.0,0.01,0,4,2,0
agricultural60,49.27,0.0,-49.27,99.77,0,64584,65388,1
agricultural61,0.0,0.0,0.0,99.77,0,0,2535,0
agricultural62,100.0,100.0,0.0,0.0,0,0,0,0
agricultural63,99.31,0.0,-99.31,99.31,0,65085,65085,1
agricultural64,0.0,0.0,0.0,0.76,0,0,0,0
agricultural65,0.15,0.0,-0.15,99.78,0,192,65390,1
agricultural66,100.0,100.0,0.0,0.0,0,0,0,0
agricultural67,0.0,0.0,0.0,16.58,0,0,0,0
agricultural68,0.0,0.0,0.0,0.35,0,0,0,0
agricultural69,0.0,0.0,0.0,0.01,0,0,0,0
agricultural70,0.0,0.0,0.0,3.58,0,0,0,0
agricultural71,0.0,0.0,0.0,0.12,0,0,0,0
agricultural72,0.0,0.0,0.0,100.0,0,0,0,0
agricultural73,0.0,0.0,0.0,0.0,0,0,0,0
agricultural74,0.0,0.0,0.0,0.0,0,0,0,0
agricultural75,0.0,0.0,-0.0,0.01,0,6,1,0
agricultural76,0.0,0.0,0.0,0.0,0,0,0,1
agricultural77,0.0,0.0,0.0,2.7,0,0,1768,1
agricultural78,0.0,0.0,0.0,99.91,0,0,65480,1
agricultural79,0.0,0.0,0.0,99.4,0,0,65144,1
agricultural80,0.0,0.0,0.0,1.62,0,0,0,0
agricultural81,0.0,0.0,0.0,0.32,0,0,0,0
agricultural82,0.0,0.0,0.0,100.0,0,0,0,0
agricultural83,0.0,0.0,0.0,100.0,0,0,0,0
agricultural84,0.0,0.0,0.0,0.14,0,0,0,0
agricultural85,0.0,0.0,0.0,0.25,0,0,0,0
agricultural86,100.0,99.99,-0.01,0.01,0,4,4,0
agricultural87,50.0,45.62,-4.38,8.77,0,5747,6,0
agricultural88,33.31,33.14,-0.17,0.55,0,339,337,0
agricultural89,0.0,0.0,0.0,1.47,0,0,0,0
agricultural90,27.32,0.0,-27.32,85.01,0,53719,55474,0
agricultural91,0.0,0.0,0.0,66.46,0,0,43465,0
agricultural92,0.0,0.0,0.0,100.0,0,0,0,0
agricultural93,0.0,0.0,0.0,0.0,0,0,0,0
agricultural94,0.0,0.0,0.0,0.12,0,0,0,0
agricultural95,49.57,49.45,-0.12,0.24,0,157,146,0
agricultural96,0.0,0.0,0.0,0.02,0,0,0,0
agricultural97,0.0,0.0,0.0,100.0,0,0,0,0
agricultural98,0.0,0.0,0.0,99.93,0,0,65493,1
agricultural99,49.98,0.0,-49.98,99.96,0,65512,65513,1
airplane00,46.99,48.68,1.69,4.02,1307,158,1051,0
airplane01,27.49,38.06,10.56,31.45,165,327,2788,0
airplane02,27.6,38.05,10.45,31.45,163,346,2788,0
airplane03,37.57,23.13,-14.44,14.43,331,4204,8823,0
airplane04,42.82,43.94,1.13,5.56,559,608,2645,0
airplane05,56.54,30.9,-25.65,12.68,573,4027,7551,0
airplane06,54.18,37.89,-16.29,15.73,1531,5375,5637,0
airplane07,39.93,30.54,-9.4,13.72,696,5267,6756,0
airplane08,47.99,41.52,-6.47,8.33,1620,3166,811,0
airplane09,26.14,18.33,-7.82,11.98,1522,2933,6175,0
airplane10,36.56,38.13,1.56,16.45,3710,4893,4709,0
airplane11,33.06,43.39,10.33,16.73,4033,249,2962,0
airplane12,31.86,17.96,-13.9,14.52,1325,2987,6618,0
airplane13,43.89,43.58,-0.31,2.15,241,422,885,0
airplane14,48.93,52.19,3.26,27.23,1246,15734,1005,0
airplane15,66.39,71.88,5.48,5.53,2469,139,1140,0
airplane16,24.69,13.38,-11.31,12.24,728,5518,6857,0
airplane17,44.78,45.65,0.86,3.17,598,146,1348,0
airplane18,55.35,45.88,-9.47,5.64,684,1356,2937,0
airplane19,35.72,36.3,0.58,16.2,180,99,501,0
airplane20,50.85,51.87,1.02,4.68,283,666,2165,0
airplane21,37.25,38.64,1.39,2.61,265,308,845,0
airplane22,39.62,40.39,0.76,0.61,88,89,294,0
airplane23,62.07,61.78,-0.3,4.34,1714,607,471,0
airplane24,48.25,47.08,-1.17,11.74,2101,3919,1938,0
airplane25,49.28,49.28,0.0,1.19,167,306,534,0
airplane26,70.49,74.54,4.05,3.33,988,499,524,0
airplane27,28.6,30.4,1.8,1.7,188,175,783,0
airplane28,31.45,34.37,2.92,3.97,693,768,1121,0
airplane29,28.51,30.13,1.62,2.42,347,196,379,0
airplane30,28.2,28.3,0.1,3.34,441,574,602,0
airplane31,45.59,70.38,24.79,43.25,27330,287,994,0
airplane32,35.6,36.72,1.11,2.28,141,105,848,0
airplane33,45.37,45.25,-0.11,2.3,331,286,1122,0
airplane34,73.35,57.53,-15.82,4.44,516,2102,299,0
airplane35,24.83,39.79,14.96,27.12,15241,1005,1615,0
airplane36,83.19,54.42,-28.78,3.6,110,1898,554,0
airplane37,36.76,53.36,16.61,36.19,22652,192,968,0
airplane38,39.6,39.38,-0.22,9.57,1450,4163,859,0
airplane39,80.79,84.39,3.6,1.82,240,114,943,0
airplane40,32.2,35.52,3.32,6.18,1270,765,2674,0
airplane41,21.57,21.93,0.36,3.93,164,1511,700,0
airplane42,20.15,49.31,29.15,72.7,46241,106,1395,0
airplane43,77.2,78.17,0.97,0.94,133,151,455,0
airplane44,30.91,31.0,0.09,1.26,77,395,730,0
airplane45,21.52,22.66,1.13,10.84,202,601,6173,0
airplane46,23.61,12.91,-10.71,38.96,4,8316,9467,0
airplane47,80.54,82.14,1.6,0.74,95,101,381,0
airplane48,30.16,32.84,2.68,4.56,604,462,2203,0
airplane49,20.46,21.59,1.13,4.54,732,437,969,0
airplane50,34.64,37.33,2.7,6.09,975,610,2396,0
airplane51,25.0,18.38,-6.62,11.05,557,2747,6571,0
airplane52,33.35,33.73,0.38,3.61,129,1031,1474,0
airplane53,57.81,63.01,5.21,9.54,1007,1659,5106,0
airplane54,39.59,33.95,-5.64,10.1,560,1926,6016,0
airplane55,22.82,25.65,2.82,13.58,4119,32,3260,0
airplane56,33.7,35.57,1.87,2.84,962,141,598,0
airplane57,24.39,20.52,-3.87,36.05,1315,21585,607,0
airplane58,60.62,60.85,0.23,0.95,433,78,177,0
airplane59,37.07,40.25,3.18,5.94,519,662,3196,0
airplane60,29.58,39.73,10.14,15.12,601,199,8287,0
airplane61,32.92,39.57,6.66,4.84,303,97,2808,0
airplane62,38.22,45.02,6.79,4.28,261,113,2421,0
airplane63,26.19,28.16,1.97,3.3,941,342,634,0
airplane64,34.5,37.78,3.28,3.46,439,166,1513,0
airplane65,33.55,37.21,3.66,3.31,248,183,1539,0
airplane66,19.96,16.19,-3.78,5.64,915,901,2005,0
airplane67,26.78,34.69,7.91,12.88,599,235,6389,0
airplane68,34.71,42.61,7.9,8.68,426,364,5057,0
airplane69,28.8,29.87,1.07,4.24,1161,152,661,0
airplane70,35.66,42.1,6.43,6.61,571,417,3690,0
airplane71,25.19,28.56,3.36,7.04,483,726,3958,0
airplane72,29.91,28.7,-1.21,18.46,1505,9723,4010,0
airplane73,44.02,44.46,0.44,4.68,1155,933,1798,0
airplane74,86.03,87.92,1.89,6.29,423,1543,3629,0
airplane75,44.22,44.39,0.17,5.19,203,1409,3117,0
airplane76,61.52,59.37,-2.15,5.4,138,2336,3251,0
airplane77,34.87,35.02,0.15,3.27,521,612,1310,0
airplane78,44.22,34.99,-9.24,15.54,109,9468,437,0
airplane79,61.45,40.98,-20.47,9.61,700,4519,1490,0
airplane80,59.61,62.1,2.49,1.73,95,182,1011,0
airplane81,46.85,41.63,-5.22,9.68,526,2026,1560,0
airplane82,66.69,61.98,-4.71,6.25,542,3066,1041,0
airplane83,39.77,35.53,-4.25,16.43,123,10271,2667,0
airplane84,46.92,46.79,-0.13,2.27,141,727,1262,0
airplane85,81.36,58.64,-22.72,10.47,1194,4143,3366,0
airplane86,22.02,22.14,0.12,89.59,0,188,382,0
airplane87,27.1,27.16,0.06,10.0,0,2546,6467,0
airplane88,25.91,26.26,0.34,20.25,162,309,548,0
airplane89,31.85,24.2,-7.65,4.15,60,312,377,0
airplane90,53.64,57.56,3.93,7.7,1251,938,3710,0
airplane91,45.96,48.64,2.68,3.34,669,304,1352,0
airplane92,46.11,45.77,-0.35,2.93,64,168,387,0
airplane93,33.48,33.07,-0.41,7.19,373,4172,223,0
airplane94,87.26,88.54,1.28,0.72,116,125,350,0
airplane95,70.23,68.36,-1.87,0.44,32,192,221,0
airplane96,33.16,35.13,1.97,4.95,189,251,2962,0
airplane97,35.53,38.37,2.84,5.63,573,451,2636,0
airplane98,50.31,51.21,0.89,0.4,58,53,195,0
airplane99,26.67,27.25,0.58,2.35,247,299,324,0
baseballdiamond00,13.83,21.58,7.74,29.71,14170,790,2418,0
baseballdiamond01,15.08,25.55,10.48,41.09,22871,220,3170,0
baseballdiamond02,27.89,45.92,18.03,41.38,19692,1249,7181,0
baseballdiamond03,0.01,2.55,2.54,15.57,3716,21,5947,0
baseballdiamond04,15.61,41.23,25.62,72.01,46101,10,785,0
baseballdiamond05,47.14,64.07,16.93,62.35,37903,161,1793,0
baseballdiamond06,6.94,22.73,15.79,80.58,47412,31,2344,0
baseballdiamond07,0.05,28.68,28.62,92.94,55079,20,740,0
baseballdiamond08,25.9,29.81,3.91,61.52,33130,1094,4201,0
baseballdiamond09,18.62,29.04,10.42,37.56,18897,171,1818,0
baseballdiamond10,14.96,44.01,29.05,74.74,46588,80,1499,0
baseballdiamond11,17.76,18.9,1.14,3.01,1272,0,559,0
baseballdiamond12,23.53,29.8,6.27,64.06,32615,6141,8862,0
baseballdiamond13,13.75,29.54,15.78,69.6,39621,144,2042,0
baseballdiamond14,28.82,38.11,9.3,25.65,15900,33,728,0
baseballdiamond15,33.81,31.05,-2.76,33.01,15706,1234,5254,0
baseballdiamond16,38.71,50.41,11.7,49.73,28602,407,3497,0
baseballdiamond17,23.22,30.28,7.06,58.69,32003,1147,5228,0
baseballdiamond18,22.13,26.96,4.83,45.92,26715,621,2875,0
baseballdiamond19,14.43,21.98,7.55,73.3,31283,1020,16140,0
baseballdiamond20,34.63,37.53,2.9,31.62,10049,1283,9453,0
baseballdiamond21,0.7,1.2,0.5,41.87,1632,474,2059,0
baseballdiamond22,10.51,25.38,14.87,59.83,37393,101,973,0
baseballdiamond23,20.09,38.66,18.57,69.52,41661,6,1185,0
baseballdiamond24,27.42,57.15,29.73,61.17,39180,0,186,0
baseballdiamond25,18.66,27.43,8.76,45.67,27323,317,1927,0
baseballdiamond26,27.33,49.95,22.62,74.4,45634,177,2146,0
baseballdiamond27,26.41,41.55,15.14,70.82,45502,56,823,0
baseballdiamond28,29.75,31.31,1.56,32.52,15626,436,3653,0
baseballdiamond29,33.17,37.12,3.96,15.47,6972,49,2899,0
baseballdiamond30,12.01,11.83,-0.17,23.19,1,30,3012,0
baseballdiamond31,6.99,36.3,29.31,85.1,42408,127,12033,0
baseballdiamond32,12.29,24.05,11.75,65.68,40156,136,2499,0
baseballdiamond33,3.36,32.99,29.63,74.76,47539,322,864,0
baseballdiamond34,7.57,20.47,12.9,69.73,44233,72,1339,0
baseballdiamond35,26.34,41.43,15.09,57.52,33619,795,3733,0
baseballdiamond36,10.53,28.28,17.74,72.42,41569,469,5215,0
baseballdiamond37,29.98,41.07,11.09,72.28,36414,3759,10699,0
baseballdiamond38,12.31,31.28,18.96,85.73,38205,253,15560,0
baseballdiamond39,14.3,27.11,12.81,68.2,38348,1220,2447,0
baseballdiamond40,37.84,56.36,18.52,59.66,34088,916,4324,0
baseballdiamond41,11.34,22.1,10.75,75.35,41219,656,7404,0
baseballdiamond42,0.0,18.32,18.32,79.81,47580,3,4185,0
baseballdiamond43,2.78,17.4,14.62,88.81,38216,4939,19482,0
baseballdiamond44,31.42,49.06,17.64,63.03,36046,1642,4338,0
baseballdiamond45,12.64,35.64,23.0,58.58,33335,2698,2379,0
baseballdiamond46,24.57,33.01,8.44,61.02,34510,2380,2572,0
baseballdiamond47,43.99,61.3,17.31,48.7,26292,2229,5179,0
baseballdiamond48,12.45,19.48,7.03,29.5,13072,469,4732,0
baseballdiamond49,31.54,44.58,13.05,59.2,31085,2038,5601,0
baseballdiamond50,27.2,38.03,10.83,59.46,32326,1679,6259,0
baseballdiamond51,16.15,38.52,22.37,62.68,36663,1093,4208,0
baseballdiamond52,33.13,43.2,10.06,54.17,32484,610,2712,0
baseballdiamond53,10.13,27.38,17.24,77.06,43331,1424,6285,0
baseballdiamond54,16.61,28.86,12.24,58.44,30659,1007,6690,0
baseballdiamond55,42.44,43.56,1.12,57.43,30137,448,3664,0
baseballdiamond56,23.47,29.37,5.89,72.13,32554,778,2309,0
baseballdiamond57,8.63,13.14,4.51,68.52,19867,524,540,0
baseballdiamond58,16.76,28.39,11.63,79.71,35993,4637,12138,0
baseballdiamond59,18.27,21.15,2.88,27.78,12236,33,5281,0
baseballdiamond60,25.38,29.37,4.0,45.94,24057,2835,1720,0
baseballdiamond61,26.4,35.27,8.87,60.31,34840,2166,1703,0
baseballdiamond62,25.2,15.19,-10.01,53.65,10142,6315,220,0
baseballdiamond63,8.46,17.53,9.07,39.27,20286,288,4476,0
baseballdiamond64,16.56,32.94,16.38,77.07,32226,1414,5966,0
baseballdiamond65,15.61,22.48,6.87,30.33,15743,1058,2806,0
baseballdiamond66,0.05,24.87,24.82,88.63,56351,31,801,0
baseballdiamond67,3.69,23.84,20.15,14.31,8384,0,592,0
baseballdiamond68,4.89,53.85,48.96,70.14,45393,0,313,0
baseballdiamond69,2.85,15.86,13.01,14.49,7760,37,340,0
baseballdiamond70,0.0,21.1,21.1,24.45,14096,0,1321,0
baseballdiamond71,12.19,35.13,22.93,89.43,55792,87,2645,0
baseballdiamond72,28.29,54.03,25.74,88.44,55004,91,2649,0
baseballdiamond73,0.01,28.4,28.39,87.25,56876,19,230,0
baseballdiamond74,16.13,32.68,16.55,91.54,57519,356,2183,0
baseballdiamond75,7.56,18.04,10.48,13.29,7310,1,653,0
baseballdiamond76,0.0,18.93,18.93,24.85,14839,0,107,0
baseballdiamond77,17.45,39.06,21.62,79.12,48282,32,793,0
baseballdiamond78,55.41,50.23,-5.18,14.38,2032,127,1259,0
baseballdiamond79,11.59,26.69,15.1,66.69,39650,28,2536,0
baseballdiamond80,38.27,60.49,22.22,59.12,35941,228,1268,0
baseballdiamond81,38.3,48.02,9.71,50.38,25010,375,7250,0
baseballdiamond82,18.13,18.58,0.46,26.43,5807,1022,9620,0
baseballdiamond83,0.05,20.94,20.89,55.22,33627,94,1912,0
baseballdiamond84,2.15,35.29,33.14,84.34,54450,37,456,0
baseballdiamond85,12.08,22.81,10.74,39.46,25182,2,590,0
baseballdiamond86,8.13,21.04,12.91,79.52,38929,207,976,0
baseballdiamond87,24.83,33.55,8.72,61.42,37140,596,2912,0
baseballdiamond88,13.62,50.79,37.16,77.13,40270,216,9839,0
baseballdiamond89,39.05,53.89,14.84,61.04,36249,62,2399,0
baseballdiamond90,4.25,14.36,10.12,14.16,4457,0,540,0
baseballdiamond91,25.36,44.18,18.81,46.72,27665,53,2627,0
baseballdiamond92,17.29,32.36,15.07,68.03,37550,436,3756,0
baseballdiamond93,19.68,31.49,11.8,57.71,30799,283,960,0
baseballdiamond94,8.16,8.5,0.34,7.06,434,86,449,0
baseballdiamond95,27.19,44.24,17.05,59.8,31881,115,6628,0
baseballdiamond96,23.06,32.01,8.95,56.6,26129,1171,9024,0
baseballdiamond97,2.5,8.58,6.07,58.5,27952,509,10121,0
baseballdiamond98,7.92,14.41,6.49,70.87,29866,536,10034,0
baseballdiamond99,14.72,29.0,14.28,72.92,35910,91,11259,0
beach00,95.32,95.99,0.67,0.61,223,72,162,0
beach01,66.27,66.16,-0.1,0.24,3,123,151,0
beach02,99.57,99.53,-0.04,0.18,3,80,111,0
beach03,66.35,66.38,0.04,0.26,31,58,138,0
beach04,99.08,99.1,0.02,0.23,10,77,138,0
beach05,99.69,99.66,-0.04,0.19,8,78,113,0
beach06,39.08,44.53,5.45,8.85,5535,254,194,0
beach07,66.1,66.13,0.02,0.31,21,93,179,0
beach08,61.68,66.34,4.66,9.27,5921,61,150,0
beach09,65.15,65.12,-0.04,0.95,325,184,160,0
beach10,99.4,99.42,0.02,0.23,23,79,119,0
beach11,46.96,47.47,0.51,1.29,638,127,199,0
beach12,99.34,99.37,0.04,0.37,14,102,227,0
beach13,21.0,19.34,-1.66,22.85,269,3190,14292,0
beach14,30.16,30.08,-0.08,22.04,1579,107,11145,0
beach15,44.8,48.13,3.33,6.17,3554,76,488,0
beach16,97.13,96.8,-0.33,0.41,63,204,65,0
beach17,32.75,32.67,-0.08,2.19,796,582,272,0
beach18,64.49,64.85,0.36,1.16,191,238,526,0
beach19,51.95,54.49,2.54,3.47,1080,76,1164,0
beach20,42.73,43.5,0.77,1.36,128,301,756,0
beach21,20.47,20.88,0.41,22.5,47,731,14599,0
beach22,26.07,49.58,23.5,44.08,23713,262,5112,0
beach23,19.59,21.14,1.55,4.77,2185,633,890,0
beach24,49.39,49.27,-0.13,0.44,5,215,115,0
beach25,43.11,43.11,0.01,1.39,347,376,560,0
beach26,40.43,41.72,1.29,7.67,3695,1327,27,0
beach27,29.44,30.36,0.92,31.51,9089,10680,11559,0
beach28,18.46,29.42,10.96,56.16,23416,1339,10254,0
beach29,63.75,64.62,0.87,2.15,1230,93,163,0
beach30,57.55,56.88,-0.67,1.1,72,119,404,0
beach31,34.95,49.39,14.44,37.05,24031,205,113,0
beach32,33.69,34.84,1.15,2.28,1374,41,120,0
beach33,63.61,63.37,-0.25,0.56,143,211,119,0
beach34,35.18,33.25,-1.94,1.94,68,1002,966,0
beach35,26.78,25.78,-1.0,41.56,443,1959,26467,0
beach36,53.69,54.58,0.89,2.13,1071,152,321,0
beach37,98.02,98.58,0.56,0.44,184,66,99,0
beach38,98.05,98.4,0.36,0.45,44,35,247,0
beach39,19.74,22.85,3.11,23.69,13738,1434,363,0
beach40,37.11,36.26,-0.86,2.04,1,1227,361,0
beach41,39.22,39.12,-0.1,2.29,652,485,461,0
beach42,48.19,56.37,8.18,39.81,25438,320,489,0
beach43,99.19,99.38,0.19,0.33,13,36,203,0
beach44,59.64,64.23,4.59,8.18,5189,110,159,0
beach45,98.81,98.86,0.05,0.34,17,98,197,0
beach46,56.49,65.67,9.17,18.21,11795,85,140,0
beach47,99.49,99.57,0.08,0.36,4,90,232,0
beach48,98.36,98.55,0.2,0.39,44,86,209,0
beach49,58.8,65.46,6.67,15.89,10124,108,279,0
beach50,99.4,99.5,0.1,0.28,11,59,168,0
beach51,37.28,35.27,-2.02,2.85,67,1737,1482,0
beach52,32.23,34.36,2.13,5.11,2844,506,376,0
beach53,32.51,33.97,1.46,6.95,2551,981,1887,0
beach54,26.23,24.53,-1.7,21.24,161,4878,13754,0
beach55,49.71,59.23,9.52,22.07,13812,205,651,0
beach56,16.66,15.17,-1.49,3.17,47,1658,1009,0
beach57,35.77,36.09,0.32,2.92,9,179,1879,0
beach58,44.83,44.28,-0.54,1.08,21,576,395,0
beach59,48.47,49.13,0.65,2.7,1480,157,273,0
beach60,26.23,27.45,1.22,79.72,4316,1679,47926,0
beach61,32.6,32.79,0.18,76.32,108,4,49890,0
beach62,0.0,0.0,-0.0,99.71,0,2,56987,0
beach63,19.33,20.25,0.92,3.02,1690,99,285,0
beach64,0.07,0.0,-0.07,31.9,0,173,20760,0
beach65,13.64,0.0,-13.64,91.51,0,43491,59949,0
beach66,16.19,0.05,-16.14,20.85,0,6310,6470,0
beach67,0.0,0.0,-0.0,0.76,0,2,495,0
beach68,0.09,0.1,0.01,0.34,38,14,165,0
beach69,0.0,0.0,-0.0,100.0,0,1,65535,1
beach70,0.05,0.0,-0.05,16.15,0,87,10586,0
beach71,0.0,0.0,0.0,99.99,0,0,65527,1
beach72,0.0,0.0,-0.0,4.36,0,4,2857,0
beach73,37.65,59.08,21.43,46.7,29953,645,474,0
beach74,57.06,60.58,3.52,9.38,5693,341,328,0
beach75,65.0,64.17,-0.83,1.9,167,940,691,0
beach76,45.25,56.69,11.44,25.48,15990,692,380,0
beach77,20.32,28.12,7.81,25.6,16184,447,380,0
beach78,34.41,35.16,0.75,1.7,875,182,207,0
beach79,42.62,47.06,4.44,7.89,5107,39,51,0
beach80,49.29,51.64,2.35,4.64,2972,53,54,0
beach81,40.32,44.4,4.08,9.01,5736,46,143,0
beach82,23.97,24.12,0.15,2.31,482,103,566,0
beach83,50.66,50.69,0.02,0.28,53,85,79,0
beach84,51.77,51.55,-0.22,1.2,264,432,339,0
beach85,65.72,65.72,0.0,0.29,33,94,141,0
beach86,99.1,98.77,-0.33,0.36,6,213,181,0
beach87,65.53,65.22,-0.3,0.54,13,304,299,0
beach88,65.93,65.49,-0.44,0.68,21,400,397,0
beach89,59.62,64.9,5.28,13.67,7236,1662,1719,0
beach90,99.1,98.77,-0.33,0.42,6,241,251,0
beach91,39.69,39.09,-0.6,2.44,33,1336,1454,0
beach92,49.61,49.54,-0.07,0.51,12,164,207,0
beach93,13.69,8.3,-5.39,44.43,0,5,5413,0
beach94,24.83,24.74,-0.09,76.97,0,206,41415,0
beach95,24.84,24.77,-0.07,0.72,19,109,450,0
beach96,32.84,32.74,-0.1,41.53,0,125,27220,0
beach97,19.57,19.45,-0.12,67.32,0,133,44060,0
beach98,24.27,24.31,0.04,72.72,0,4,47646,0
beach99,31.86,31.91,0.04,8.33,97,1,5273,0
buildings00,28.83,26.8,-2.03,18.86,687,5614,5374,0
buildings01,20.35,20.85,0.5,4.8,1467,1559,232,0
buildings02,28.33,27.25,-1.08,15.44,2813,1503,2188,0
buildings03,30.49,33.49,3.01,11.75,1089,1896,5565,0
buildings04,17.34,17.19,-0.15,5.69,908,2408,1016,0
buildings05,24.28,22.51,-1.76,11.98,164,3375,4918,0
buildings06,49.59,47.92,-1.68,5.22,299,1928,708,0
buildings07,32.94,31.85,-1.09,1.96,77,989,671,0
buildings08,56.93,50.94,-5.99,11.7,900,6250,531,0
buildings09,30.27,30.82,0.55,4.83,813,1074,1714,0
buildings10,40.35,39.14,-1.22,2.87,145,1620,485,0
buildings11,41.07,40.95,-0.12,17.71,890,3862,8243,0
buildings12,28.38,27.75,-0.63,15.27,525,7803,1642,0
buildings13,47.28,47.5,0.22,5.29,875,1131,1707,0
buildings14,48.3,45.93,-2.37,4.32,215,2233,765,0
buildings15,20.79,21.25,0.46,11.46,160,708,6460,0
buildings16,19.49,19.07,-0.42,10.03,65,1582,6108,0
buildings17,31.73,29.59,-2.14,4.78,75,2725,1525,0
buildings18,28.62,30.04,1.42,8.25,475,357,4793,0
buildings19,30.0,28.42,-1.58,8.82,226,4345,4396,0
buildings20,22.0,21.4,-0.6,6.03,76,2452,1244,0
buildings21,29.86,29.81,-0.05,2.07,79,902,656,0
buildings22,22.47,23.24,0.77,9.22,518,2492,3502,0
buildings23,14.09,13.65,-0.44,10.1,0,1712,244,0
buildings24,25.89,25.74,-0.15,1.27,13,546,774,0
buildings25,13.08,12.31,-0.77,1.59,12,862,200,0
buildings26,40.39,40.48,0.08,8.57,1656,1358,502,0
buildings27,21.43,21.22,-0.21,6.22,251,1432,3285,0
buildings28,47.97,40.77,-7.19,14.4,561,7563,929,0
buildings29,26.65,28.35,1.7,3.37,1463,490,405,0
buildings30,43.62,45.86,2.24,7.88,3894,772,379,0
buildings31,37.13,37.75,0.62,4.36,984,797,624,0
buildings32,37.24,36.33,-0.91,5.67,742,1940,457,0
buildings33,35.46,36.1,0.64,4.92,1338,604,1250,0
buildings34,43.21,44.35,1.14,3.68,616,82,459,0
buildings35,20.94,23.33,2.39,36.56,10191,13465,9,0
buildings36,35.84,29.61,-6.22,32.53,1760,16678,2749,0
buildings37,40.2,42.36,2.15,6.02,2092,187,1137,0
buildings38,22.03,22.83,0.8,4.62,1301,741,748,0
buildings39,19.87,19.91,0.04,3.02,102,853,477,0
buildings40,24.27,22.45,-1.82,8.91,72,4678,973,0
buildings41,12.28,12.57,0.29,5.02,0,360,3053,0
buildings42,19.0,19.11,0.11,4.52,588,1035,579,0
buildings43,55.23,55.3,0.07,1.59,298,466,350,0
buildings44,16.18,15.21,-0.98,19.42,1459,10981,225,0
buildings45,31.93,32.91,0.97,3.85,430,201,2006,0
buildings46,24.35,24.5,0.15,1.56,77,632,396,0
buildings47,19.64,19.48,-0.16,1.32,59,769,95,0
buildings48,20.31,20.3,-0.01,3.9,66,667,2133,0
buildings49,27.85,29.14,1.29,4.88,1215,714,1514,0
buildings50,31.59,32.95,1.36,7.76,1613,1896,3091,0
buildings51,23.9,24.16,0.27,3.48,0,229,2050,0
buildings52,24.34,24.13,-0.21,7.93,118,981,5039,0
buildings53,23.49,22.78,-0.71,11.27,1062,2978,2875,0
buildings54,19.92,21.14,1.22,26.8,5583,10206,1913,0
buildings55,20.47,20.62,0.15,8.16,962,2377,2812,0
buildings56,36.24,35.0,-1.25,8.11,0,4775,650,0
buildings57,53.78,39.79,-13.98,75.74,70,47792,2426,0
buildings58,34.94,27.77,-7.17,56.33,3051,25184,8611,0
buildings59,27.72,27.96,0.24,5.39,465,1767,2518,0
buildings60,31.47,30.9,-0.57,6.68,665,1000,743,0
buildings61,21.57,18.96,-2.61,9.79,0,5275,1703,0
buildings62,38.14,53.82,15.68,12.37,6321,1299,773,0
buildings63,33.07,32.11,-0.96,8.44,991,1218,2073,0
buildings64,30.47,29.85,-0.62,2.57,50,723,1446,0
buildings65,49.76,49.39,-0.37,0.74,0,482,482,0
buildings66,24.74,24.77,0.02,18.92,136,723,11793,0
buildings67,31.62,29.6,-2.02,3.73,634,799,1020,0
buildings68,32.04,31.44,-0.6,2.6,0,1652,46,0
buildings69,32.49,36.33,3.84,10.77,4245,1226,1588,0
buildings70,31.6,32.62,1.02,10.2,852,512,4503,0
buildings71,18.53,18.64,0.11,6.59,134,1066,3577,0
buildings72,16.08,15.74,-0.35,9.28,2,3189,5209,0
buildings73,37.54,38.7,1.17,9.68,4157,385,569,0
buildings74,28.38,29.05,0.66,13.8,569,2098,5934,0
buildings75,33.42,34.76,1.34,4.25,934,647,1293,0
buildings76,54.49,52.81,-1.67,4.95,377,1312,2057,0
buildings77,16.01,14.76,-1.25,16.56,110,7616,4022,0
buildings78,40.33,28.16,-12.17,25.73,456,15950,248,0
buildings79,23.02,21.4,-1.62,18.64,1694,7745,1077,0
buildings80,38.68,38.73,0.05,5.74,1118,1000,487,0
buildings81,50.26,42.08,-8.18,19.05,1303,10191,4616,0
buildings82,25.55,23.51,-2.04,7.9,166,3170,1966,0
buildings83,45.18,45.85,0.67,2.49,140,123,1418,0
buildings84,37.08,36.11,-0.97,10.75,1376,1387,2318,0
buildings85,19.4,19.78,0.38,1.97,233,413,875,0
buildings86,30.52,30.46,-0.06,0.26,0,144,137,0
buildings87,14.2,8.83,-5.37,38.34,0,22500,1951,0
buildings88,42.41,43.11,0.7,6.06,1436,1284,1367,0
buildings89,52.48,50.22,-2.26,10.93,2033,4902,686,0
buildings90,52.27,53.51,1.24,6.18,672,351,3104,0
buildings91,47.89,49.45,1.56,4.79,1592,772,544,0
buildings92,19.49,19.97,0.48,9.64,374,1343,4430,0
buildings93,71.84,42.96,-28.88,2.65,34,1647,1690,0
buildings94,57.33,59.41,2.08,2.74,1187,529,85,0
buildings95,23.3,21.99,-1.31,26.27,865,15901,31,0
buildings96,24.33,22.93,-1.4,6.51,603,3334,1956,0
buildings97,24.55,27.43,2.89,11.39,3278,1162,1610,0
buildings98,24.17,10.82,-13.35,54.39,0,34987,35642,0
buildings99,49.89,47.27,-2.62,5.27,0,3433,265,0
chaparral00,0.0,0.0,0.0,87.01,0,0,8407,0
chaparral01,0.0,0.0,0.0,15.88,0,0,5978,0
chaparral02,0.0,0.0,0.0,99.86,0,0,64848,0
chaparral03,0.0,0.0,0.0,85.52,0,0,1971,0
chaparral04,0.0,0.0,0.0,91.82,0,0,4443,0
chaparral05,0.0,0.0,0.0,99.93,0,0,1312,0
chaparral06,0.0,0.0,0.0,5.35,0,0,2690,0
chaparral07,0.0,0.0,0.0,0.09,0,0,47,0
chaparral08,0.0,0.0,0.0,82.75,0,0,54228,0
chaparral09,0.0,0.0,0.0,85.95,0,0,53032,0
chaparral10,0.0,0.0,0.0,67.7,0,0,42350,0
chaparral11,0.0,0.0,0.0,41.55,0,0,3840,0
chaparral12,0.0,0.0,0.0,52.0,0,0,848,0
chaparral13,0.0,0.0,0.0,25.7,0,0,10480,0
chaparral14,0.0,0.0,0.0,57.39,0,0,12406,0
chaparral15,0.0,0.0,0.0,18.33,0,0,4846,0
chaparral16,0.0,0.0,0.0,6.75,0,0,4423,0
chaparral17,0.0,0.0,0.0,0.58,0,0,381,0
chaparral18,0.0,0.0,0.0,11.37,0,0,343,0
chaparral19,0.0,0.0,0.0,52.24,0,0,31199,0
chaparral20,0.0,0.0,0.0,42.95,0,0,23035,0
chaparral21,0.0,0.0,0.0,63.03,0,0,41306,0
chaparral22,0.0,0.0,0.0,40.8,0,0,21927,0
chaparral23,0.0,0.0,0.0,83.62,0,0,35297,0
chaparral24,0.0,0.0,0.0,84.29,0,0,53175,0
chaparral25,0.0,0.0,0.0,3.16,1,0,163,0
chaparral26,0.0,0.0,0.0,16.47,0,0,3136,0
chaparral27,0.0,0.0,0.0,23.98,0,0,10828,0
chaparral28,0.0,0.0,0.0,47.53,0,0,24912,0
chaparral29,0.0,0.0,0.0,96.59,0,0,62495,0
chaparral30,0.0,0.0,0.0,30.71,0,0,16610,0
chaparral31,0.0,0.0,0.0,56.86,0,0,36578,0
chaparral32,0.0,0.0,0.0,84.35,0,0,47149,0
chaparral33,0.0,0.0,0.0,51.21,0,0,28419,0
chaparral34,0.0,0.0,0.0,43.92,0,0,28782,0
chaparral35,0.0,0.0,0.0,6.23,0,0,4085,0
chaparral36,0.0,0.0,0.0,25.79,0,0,16905,0
chaparral37,0.0,0.0,0.0,75.43,0,0,49436,0
chaparral38,0.0,0.0,0.0,99.25,0,0,65043,0
chaparral39,0.0,0.0,0.0,99.83,0,0,65422,1
chaparral40,0.0,0.0,0.0,19.92,0,0,13057,0
chaparral41,0.0,0.0,0.0,58.92,0,0,35384,0
chaparral42,0.0,0.0,0.0,69.52,0,0,28961,0
chaparral43,0.0,0.0,0.0,0.33,0,0,219,0
chaparral44,0.0,0.0,0.0,2.53,0,0,328,0
chaparral45,0.0,0.0,0.0,73.75,0,0,47278,0
chaparral46,0.0,0.0,0.0,20.47,0,0,13372,0
chaparral47,0.0,0.0,0.0,76.03,0,0,44295,0
chaparral48,0.0,0.0,0.0,32.0,0,0,20968,0
chaparral49,0.0,11.06,11.06,97.25,35230,0,223,0
chaparral50,0.0,0.0,0.0,88.02,0,0,53097,0
chaparral51,0.0,0.0,0.0,8.0,0,0,4287,0
chaparral52,0.0,0.0,0.0,95.05,0,0,62052,0
chaparral53,0.0,0.0,0.0,96.7,0,0,61142,0
chaparral54,0.0,0.0,0.0,88.32,0,0,57466,0
chaparral55,0.0,0.0,0.0,80.9,0,0,47552,0
chaparral56,0.0,0.0,0.0,97.11,0,0,63086,0
chaparral57,0.0,0.0,0.0,8.98,0,0,365,0
chaparral58,0.0,0.0,0.0,1.06,0,0,288,0
chaparral59,0.0,0.0,0.0,30.45,0,0,11269,0
chaparral60,0.0,2.55,2.55,5.49,3338,0,0,0
chaparral61,0.0,0.0,0.0,0.01,0,0,0,0
chaparral62,0.0,0.0,0.0,0.0,0,0,0,0
chaparral63,0.0,0.0,0.0,0.33,0,0,199,0
chaparral64,0.0,32.96,32.96,99.81,64810,0,473,0
chaparral65,0.0,0.0,0.0,31.28,0,0,13174,0
chaparral66,0.0,24.58,24.58,99.84,64425,0,1005,0
chaparral67,0.0,0.0,0.0,91.65,0,0,60066,0
chaparral68,0.0,0.0,0.0,39.47,0,0,25865,0
chaparral69,0.0,0.0,0.0,92.41,0,0,58666,0
chaparral70,0.0,0.0,0.0,70.48,0,0,46002,0
chaparral71,0.0,0.0,0.0,52.16,0,0,33532,0
chaparral72,0.0,0.0,0.0,75.05,0,0,42810,0
chaparral73,0.0,0.0,0.0,30.84,0,0,10038,0
chaparral74,0.0,0.0,0.0,87.8,0,0,56820,0
chaparral75,0.0,0.0,0.0,60.96,0,0,39949,0
chaparral76,0.0,0.0,0.0,38.19,0,0,23556,0
chaparral77,0.0,0.0,0.0,95.77,0,0,62764,0
chaparral78,0.0,0.0,0.0,39.32,0,0,25771,0
chaparral79,0.0,0.0,0.0,89.08,0,0,58382,0
chaparral80,0.0,0.0,0.0,74.43,0,0,44910,0
chaparral81,0.0,13.49,13.49,78.05,24404,0,25311,0
chaparral82,0.0,0.0,0.0,81.78,0,0,53595,0
chaparral83,0.0,0.0,0.0,98.81,5,0,64748,0
chaparral84,0.0,0.0,0.0,82.82,0,0,54278,0
chaparral85,0.0,0.0,0.0,84.26,0,0,54925,0
chaparral86,0.0,0.0,0.0,65.45,0,0,42895,0
chaparral87,0.0,0.0,0.0,83.35,0,0,54626,0
chaparral88,0.0,0.53,0.53,57.42,1076,0,36502,0
chaparral89,0.0,0.0,0.0,72.69,0,0,47640,0
chaparral90,0.0,0.0,0.0,8.92,6,0,5843,0
chaparral91,0.0,11.91,11.91,97.01,37754,0,269,0
chaparral92,0.0,0.0,0.0,85.95,0,0,54444,0
chaparral93,0.0,0.0,0.0,60.48,0,0,39625,0
chaparral94,0.0,0.0,0.0,93.3,0,0,61083,0
chaparral95,0.0,0.0,0.0,93.69,0,0,61401,0
chaparral96,0.0,0.0,0.0,93.28,0,0,57407,0
chaparral97,0.0,0.0,0.0,15.11,0,0,9904,0
chaparral98,0.0,0.0,0.0,89.88,7,0,58188,0
chaparral99,0.0,0.0,0.0,70.8,0,0,46399,0
denseresidential00,26.33,26.76,0.43,18.7,2938,2220,4390,0
denseresidential01,50.96,47.56,-3.4,10.28,56,909,888,0
denseresidential02,65.1,63.09,-2.01,5.1,1005,1128,1126,0
denseresidential03,46.55,49.38,2.84,3.99,1192,552,516,0
denseresidential04,49.2,50.18,0.98,7.67,1611,984,2215,0
denseresidential05,25.16,25.93,0.78,2.5,250,412,1382,0
denseresidential06,44.15,45.13,0.98,9.18,1505,1786,4012,0
denseresidential07,33.46,32.53,-0.93,7.21,672,1784,2490,0
denseresidential08,20.8,22.2,1.4,16.79,2452,4829,5953,0
denseresidential09,36.64,40.65,4.01,18.83,4565,2857,3597,0
denseresidential10,40.55,47.58,7.03,6.87,2594,1761,157,0
denseresidential11,34.17,33.99,-0.18,13.26,2601,3592,2523,0
denseresidential12,29.93,29.12,-0.81,13.58,1228,4628,5309,0
denseresidential13,46.12,45.64,-0.48,5.29,803,1001,1294,0
denseresidential14,31.43,32.67,1.24,7.75,2104,2585,316,0
denseresidential15,37.99,41.44,3.45,6.4,2960,478,485,0
denseresidential16,18.94,19.0,0.05,6.62,1360,1090,892,0
denseresidential17,37.8,38.78,0.98,10.5,1914,1351,2749,0
denseresidential18,56.48,65.33,8.85,7.2,2929,840,670,0
denseresidential19,24.0,24.55,0.55,3.28,745,1139,541,0
denseresidential20,56.27,56.62,0.35,9.05,1325,2142,3528,0
denseresidential21,35.93,36.48,0.56,4.9,994,741,1234,0
denseresidential22,30.7,31.42,0.72,8.38,2005,1649,2149,0
denseresidential23,32.19,30.89,-1.3,5.99,602,2377,651,0
denseresidential24,46.32,46.01,-0.31,9.57,2447,2031,1854,0
denseresidential25,26.84,26.14,-0.7,13.64,707,1375,5896,0
denseresidential26,39.94,40.24,0.3,4.16,329,2255,149,0
denseresidential27,54.0,52.79,-1.21,3.61,311,1624,217,0
denseresidential28,45.39,43.88,-1.51,3.77,218,1933,242,0
denseresidential29,54.14,52.37,-1.77,1.79,151,743,228,0
denseresidential30,44.68,44.56,-0.12,7.9,1416,912,889,0
denseresidential31,30.69,36.67,5.98,16.17,3928,2700,5358,0
denseresidential32,42.3,42.21,-0.09,9.96,1150,2510,3888,0
denseresidential33,56.2,56.32,0.12,5.71,1724,870,188,0
denseresidential34,61.92,63.96,2.04,8.54,3218,490,312,0
denseresidential35,40.03,43.16,3.13,17.3,6640,854,694,0
denseresidential36,42.77,44.0,1.23,8.54,2895,319,423,0
denseresidential37,46.07,49.87,3.8,6.79,2875,390,500,0
denseresidential38,31.8,32.47,0.66,5.87,1177,356,736,0
denseresidential39,48.58,63.2,14.62,19.66,11817,535,153,0
denseresidential40,34.12,32.79,-1.33,8.67,379,3894,2699,0
denseresidential41,37.91,38.42,0.51,12.0,2435,1401,2012,0
denseresidential42,33.46,33.52,0.06,8.36,1438,1596,2407,0
denseresidential43,40.0,39.57,-0.43,6.23,733,1421,1674,0
denseresidential44,48.63,49.03,0.4,11.88,4159,861,1372,0
denseresidential45,40.05,43.58,3.53,12.12,6147,380,805,0
denseresidential46,46.67,44.26,-2.41,11.15,755,2265,580,0
denseresidential47,35.59,33.53,-2.07,7.94,604,1904,1729,0
denseresidential48,48.93,48.59,-0.33,6.79,945,1801,2068,0
denseresidential49,48.1,48.83,0.73,3.2,517,812,886,0
denseresidential50,30.5,31.35,0.85,9.67,1860,2836,2871,0
denseresidential51,55.85,54.86,-0.99,5.87,426,2782,2596,0
denseresidential52,35.65,36.27,0.62,6.27,1007,2644,2655,0
denseresidential53,51.48,50.24,-1.24,6.31,578,1650,2131,0
denseresidential54,39.87,40.54,0.66,12.4,1575,2365,4326,0
denseresidential55,46.64,45.62,-1.02,5.31,796,1405,1805,0
denseresidential56,45.21,44.45,-0.77,16.48,329,1626,9757,0
denseresidential57,49.81,51.53,1.72,10.7,3330,1630,2181,0
denseresidential58,54.26,52.23,-2.04,3.7,114,1520,1877,0
denseresidential59,56.82,58.73,1.91,6.74,2344,525,1195,0
denseresidential60,38.75,39.47,0.72,5.33,688,441,2214,0
denseresidential61,41.31,38.63,-2.68,6.79,279,2083,1655,0
denseresidential62,21.1,20.54,-0.55,9.59,283,1578,4210,0
denseresidential63,38.81,35.99,-2.82,4.63,142,1617,1794,0
denseresidential64,29.65,28.82,-0.83,8.0,226,3202,3614,0
denseresidential65,57.6,58.37,0.77,5.31,1757,1115,389,0
denseresidential66,31.73,33.72,1.98,12.85,3494,1626,2482,0
denseresidential67,17.78,18.15,0.37,13.07,240,1679,4381,0
denseresidential68,48.8,48.56,-0.24,5.18,564,1260,2136,0
denseresidential69,24.13,22.93,-1.19,8.47,769,1914,2523,0
denseresidential70,42.17,41.68,-0.5,8.12,737,1761,2625,0
denseresidential71,64.71,60.82,-3.89,8.45,790,3831,1454,0
denseresidential72,37.4,37.15,-0.25,3.71,542,960,1190,0
denseresidential73,40.12,43.55,3.43,8.29,2872,1504,1997,0
denseresidential74,48.19,48.05,-0.14,5.56,849,830,1033,0
denseresidential75,36.74,35.2,-1.54,3.5,335,1356,1542,0
denseresidential76,53.71,51.79,-1.92,3.96,28,2106,1596,0
denseresidential77,47.46,44.47,-2.99,5.76,25,2492,2063,0
denseresidential78,28.79,29.92,1.14,8.7,287,624,3128,0
denseresidential79,40.47,39.74,-0.73,9.18,1606,1873,249,0
denseresidential80,36.8,39.53,2.73,10.95,2964,1490,1887,0
denseresidential81,52.11,54.14,2.03,6.83,3017,618,465,0
denseresidential82,57.23,58.54,1.31,6.45,1672,725,1409,0
denseresidential83,64.0,62.66,-1.34,5.09,692,1526,908,0
denseresidential84,28.8,28.71,-0.09,6.31,123,562,3539,0
denseresidential85,43.15,43.14,-0.01,8.05,1236,851,2707,0
denseresidential86,62.15,57.95,-4.2,15.43,558,1947,1248,0
denseresidential87,44.03,45.8,1.77,15.15,1118,1807,7910,0
denseresidential88,58.06,58.64,0.58,10.16,2898,1212,336,0
denseresidential89,50.54,51.61,1.07,10.77,2911,1253,268,0
denseresidential90,38.85,38.39,-0.46,11.21,2741,2060,728,0
denseresidential91,53.1,53.04,-0.07,14.68,4398,1957,575,0
denseresidential92,47.88,48.44,0.56,9.22,2489,941,874,0
denseresidential93,45.6,47.28,1.69,8.38,2498,1596,1181,0
denseresidential94,57.38,56.14,-1.24,12.89,1663,741,293,0
denseresidential95,50.16,48.98,-1.18,8.84,743,622,56,0
denseresidential96,60.23,58.76,-1.47,9.42,1599,2108,147,0
denseresidential97,56.29,55.87,-0.42,11.83,2932,1727,212,0
denseresidential98,39.99,42.3,2.31,10.14,2362,368,3874,0
denseresidential99,32.37,31.19,-1.18,15.86,144,4731,7207,0
forest00,100.0,100.0,0.0,0.0,0,0,0,0
forest01,16.29,16.51,0.22,2.3,890,32,78,0
forest02,99.99,100.0,0.01,0.01,9,0,0,0
forest03,18.88,18.9,0.02,3.91,99,22,1518,0
forest04,15.91,15.91,0.0,5.11,394,393,39,0
forest05,11.25,11.26,0.01,6.91,313,240,690,0
forest06,0.13,0.58,0.45,99.53,586,0,64640,0
forest07,0.17,0.81,0.64,99.16,2100,0,51025,0
forest08,33.43,33.44,0.01,2.8,1008,98,156,0
forest09,23.96,23.84,-0.12,1.44,130,440,307,0
forest10,32.39,32.48,0.09,2.82,170,0,1641,0
forest11,31.24,31.39,0.15,5.04,300,0,3003,0
forest12,99.91,99.99,0.08,0.08,50,0,0,0
forest13,0.0,2.66,2.66,99.98,5233,0,60291,0
forest14,49.94,50.0,0.06,0.12,77,0,0,0
forest15,33.26,33.32,0.07,0.2,128,0,0,0
forest16,46.13,49.66,3.53,7.74,4630,0,444,0
forest17,33.28,33.33,0.05,0.16,99,0,0,0
forest18,49.16,49.96,0.8,1.66,1047,0,43,0
forest19,33.11,33.31,0.21,0.64,407,0,1,0
forest20,49.84,49.96,0.13,0.32,168,0,43,0
forest21,14.2,14.19,-0.01,0.76,45,93,415,0
forest22,31.06,31.58,0.52,6.55,1021,0,3274,0
forest23,99.89,100.0,0.11,0.11,75,0,0,0
forest24,24.95,24.99,0.04,0.21,108,0,16,0
forest25,0.0,0.0,0.0,100.0,0,0,6946,0
forest26,4.73,26.96,22.23,85.78,43711,0,12505,0
forest27,11.52,9.99,-1.53,10.99,163,5181,41,0
forest28,13.95,13.92,-0.03,6.97,703,813,282,0
forest29,0.0,0.0,0.0,97.1,0,0,61562,0
forest30,19.83,18.8,-1.03,26.21,1176,3879,1236,0
forest31,47.93,47.66,-0.27,0.83,81,434,0,0
forest32,46.13,45.15,-0.97,2.15,62,1339,0,0
forest33,30.75,31.1,0.34,1.71,853,180,40,0
forest34,99.92,100.0,0.08,0.08,55,0,0,0
forest35,99.87,100.0,0.13,0.13,84,0,0,0
forest36,99.9,100.0,0.1,0.1,64,0,0,0
forest37,99.91,100.0,0.09,0.09,59,0,0,0
forest38,99.76,100.0,0.24,0.24,155,0,0,0
forest39,99.9,100.0,0.1,0.1,63,0,0,0
forest40,32.88,33.19,0.31,1.51,789,184,18,0
forest41,43.59,49.41,5.82,12.36,7624,0,479,0
forest42,33.03,33.04,0.01,1.01,81,66,0,0
forest43,0.02,0.11,0.09,99.89,239,0,65222,0
forest44,99.99,100.0,0.01,0.01,9,0,0,0
forest45,99.88,100.0,0.11,0.11,75,0,0,0
forest46,99.93,100.0,0.07,0.07,47,0,0,0
forest47,99.96,100.0,0.04,0.04,29,0,0,0
forest48,99.87,100.0,0.13,0.13,86,0,0,0
forest49,99.97,100.0,0.03,0.03,18,0,0,0
forest50,99.89,100.0,0.11,0.11,70,0,0,0
forest51,99.95,100.0,0.05,0.05,32,0,0,0
forest52,99.86,100.0,0.14,0.14,93,0,0,0
forest53,99.93,100.0,0.07,0.07,45,0,0,0
forest54,39.41,48.26,8.85,21.18,11598,0,2285,0
forest55,99.88,100.0,0.12,0.12,78,0,0,0
forest56,99.92,100.0,0.08,0.08,51,0,0,0
forest57,99.89,99.99,0.1,0.1,65,0,0,0
forest58,99.95,100.0,0.05,0.05,32,0,0,0
forest59,99.95,100.0,0.05,0.05,31,0,0,0
forest60,49.25,49.3,0.05,0.19,64,0,63,0
forest61,99.77,100.0,0.23,0.23,148,0,0,0
forest62,49.46,49.91,0.45,0.98,596,0,46,0
forest63,99.91,100.0,0.09,0.09,60,0,0,0
forest64,33.22,33.26,0.04,0.11,73,0,0,0
forest65,49.92,50.0,0.08,0.16,107,0,1,0
forest66,49.91,50.0,0.09,0.18,120,1,0,0
forest67,99.86,100.0,0.14,0.14,92,0,0,0
forest68,99.83,100.0,0.17,0.17,111,0,0,0
forest69,49.9,50.0,0.1,0.21,136,0,0,0
forest70,4.37,99.99,95.62,95.62,62665,0,0,0
forest71,49.7,49.99,0.29,0.6,378,0,0,0
forest72,49.66,49.94,0.28,0.63,367,0,47,0
forest73,92.12,99.69,7.56,7.56,4956,0,0,0
forest74,49.97,49.97,-0.01,0.08,23,31,0,0
forest75,99.55,100.0,0.45,0.45,292,0,0,0
forest76,98.92,100.0,1.08,1.08,706,0,0,0
forest77,99.78,100.0,0.22,0.22,147,0,0,0
forest78,98.62,99.98,1.36,1.36,889,0,0,0
forest79,34.96,100.0,65.04,65.04,42626,0,0,0
forest80,98.53,99.99,1.46,1.46,960,0,0,0
forest81,96.51,99.98,3.47,3.47,2273,0,0,0
forest82,15.65,49.72,34.06,68.13,44648,0,0,0
forest83,0.0,100.0,100.0,100.0,65535,0,0,0
forest84,89.33,99.93,10.6,10.6,6949,0,0,0
forest85,95.1,99.98,4.89,4.89,3203,0,0,0
forest86,0.0,99.8,99.8,99.8,65407,0,0,0
forest87,39.45,48.84,9.39,20.22,12306,0,944,0
forest88,97.07,99.95,2.88,2.88,1888,0,0,0
forest89,0.0,99.78,99.78,99.78,65394,0,0,0
forest90,2.91,50.0,47.09,94.18,61722,0,0,0
forest91,0.0,2.56,2.56,33.98,3355,0,18912,0
forest92,0.0,0.0,0.0,96.76,2,0,63408,0
forest93,20.07,99.96,79.89,79.89,52356,0,0,0
forest94,99.06,100.0,0.94,0.94,614,0,0,0
forest95,0.0,99.94,99.94,99.94,65498,0,0,0
forest96,97.49,100.0,2.51,2.51,1643,0,0,0
forest97,21.12,99.82,78.71,78.71,51583,0,0,0
forest98,99.77,100.0,0.23,0.23,151,0,0,0
forest99,49.82,50.0,0.17,0.34,226,0,0,0
freeway00,37.12,36.37,-0.75,4.88,487,308,240,0
freeway01,40.22,41.54,1.32,13.23,359,17,8161,0
freeway02,40.6,42.16,1.55,11.27,471,139,6484,0
freeway03,35.75,39.68,3.94,8.21,2638,94,2329,0
freeway04,35.47,34.76,-0.72,4.07,2,1886,1096,0
freeway05,58.24,61.04,2.79,4.17,2266,38,57,0
freeway06,35.55,36.33,0.78,4.64,578,621,838,0
freeway07,43.12,44.27,1.16,4.88,577,1608,642,0
freeway08,47.33,55.77,8.44,1.84,585,255,432,0
freeway09,54.34,54.29,-0.04,1.26,107,75,586,0
freeway10,62.48,60.9,-1.58,2.57,64,1111,1127,0
freeway11,42.96,32.48,-10.48,11.51,626,3570,3469,0
freeway12,49.66,49.34,-0.33,1.2,73,357,183,0
freeway13,40.99,39.32,-1.67,3.05,95,1556,1665,0
freeway14,35.44,31.36,-4.08,15.22,613,7028,8820,0
freeway15,35.31,35.97,0.66,10.6,4470,203,466,0
freeway16,33.1,33.53,0.43,12.77,264,771,8067,0
freeway17,31.83,31.95,0.12,5.98,448,468,1267,0
freeway18,37.36,39.82,2.46,9.17,2116,1508,1439,0
freeway19,38.59,44.46,5.87,16.3,9669,300,887,0
freeway20,71.03,71.47,0.44,1.82,266,317,825,0
freeway21,40.64,39.66,-0.98,13.16,643,2104,2194,0
freeway22,19.28,60.43,41.14,78.69,49973,226,435,0
freeway23,36.67,41.13,4.45,15.7,9065,423,1183,0
freeway24,27.79,28.28,0.48,5.28,1745,32,1568,0
freeway25,26.51,35.77,9.26,48.76,18068,114,4106,0
freeway26,25.34,50.99,25.65,68.11,40737,496,1561,0
freeway27,17.7,41.16,23.45,72.67,45272,325,1766,0
freeway28,10.55,30.33,19.78,71.37,43862,27,678,0
freeway29,39.33,64.24,24.91,52.6,33067,24,1326,0
freeway30,32.75,35.85,3.1,17.29,4896,1781,6377,0
freeway31,36.78,36.54,-0.24,1.75,102,573,984,0
freeway32,28.0,46.76,18.76,55.17,34360,101,1788,0
freeway33,38.4,44.01,5.61,12.92,5973,80,682,0
freeway34,23.16,22.98,-0.17,21.84,754,16,1852,0
freeway35,31.8,41.19,9.39,28.05,15401,106,805,0
freeway36,23.96,25.58,1.63,10.29,2849,966,3827,0
freeway37,28.05,39.45,11.4,60.81,38062,787,913,0
freeway38,29.66,37.42,7.75,41.89,22220,2827,3648,0
freeway39,38.31,52.6,14.29,41.11,24850,930,1996,0
freeway40,37.8,45.46,7.67,35.55,16902,2532,3752,0
freeway41,46.97,46.59,-0.38,4.27,530,1042,2052,0
freeway42,22.87,23.02,0.15,1.33,196,35,642,0
freeway43,27.26,27.16,-0.1,0.25,87,12,29,0
freeway44,48.27,48.8,0.53,2.15,1244,43,90,0
freeway45,42.76,43.06,0.3,1.02,487,33,77,0
freeway46,43.99,44.68,0.69,0.57,298,14,59,0
freeway47,20.41,27.68,7.28,15.96,10056,32,87,0
freeway48,32.23,32.04,-0.19,0.03,5,9,16,0
freeway49,46.69,46.5,-0.19,0.09,4,14,22,0
freeway50,37.75,37.77,0.01,0.07,0,15,40,0
freeway51,37.8,42.33,4.53,6.52,4130,99,17,0
freeway52,55.3,55.7,0.4,0.4,251,1,8,0
freeway53,24.97,35.0,10.03,25.79,16674,30,111,0
freeway54,55.16,56.38,1.23,2.11,668,172,413,0
freeway55,18.34,30.15,11.81,65.62,42694,23,63,0
freeway56,36.58,36.91,0.34,3.06,1203,221,69,0
freeway57,48.9,48.71,-0.2,6.13,2350,1602,3,0
freeway58,18.83,30.8,11.96,61.27,33725,247,80,0
freeway59,27.97,45.25,17.28,70.63,45341,109,4,0
freeway60,60.48,61.26,0.79,4.81,2144,502,44,0
freeway61,18.16,21.12,2.96,25.34,5917,1012,6910,0
freeway62,19.95,30.66,10.71,47.01,27308,215,297,0
freeway63,23.43,26.93,3.5,20.75,6518,77,5108,0
freeway64,41.01,37.52,-3.49,10.51,3126,2056,495,0
freeway65,50.18,50.0,-0.18,4.05,723,508,1001,0
freeway66,45.93,43.97,-1.96,9.86,273,2534,1857,0
freeway67,47.91,45.5,-2.41,8.91,100,5115,101,0
freeway68,58.75,58.49,-0.26,1.44,240,67,43,0
freeway69,31.85,33.03,1.17,13.36,3629,354,3519,0
freeway70,64.71,65.55,0.84,2.15,699,58,94,0
freeway71,48.91,49.15,0.24,4.78,1616,302,847,0
freeway72,53.52,53.27,-0.26,1.26,144,488,562,0
freeway73,50.0,49.29,-0.71,3.81,390,1106,1904,0
freeway74,68.77,68.65,-0.12,1.14,6,390,736,0
freeway75,32.01,31.48,-0.54,1.2,107,374,471,0
freeway76,52.78,65.74,12.96,58.96,34971,84,3153,0
freeway77,39.54,37.02,-2.52,8.81,75,3382,4831,0
freeway78,39.98,37.68,-2.3,24.36,1374,5345,8442,0
freeway79,43.47,43.75,0.28,17.75,4004,3652,5930,0
freeway80,38.76,46.14,7.38,17.97,6368,3496,2590,0
freeway81,20.0,23.41,3.41,15.92,7645,770,2044,0
freeway82,38.82,37.74,-1.07,52.56,7,2006,84,0
freeway83,46.9,38.98,-7.92,17.78,10591,382,198,0
freeway84,14.24,15.24,1.0,51.92,13089,88,42,0
freeway85,16.36,19.92,3.56,50.87,8312,27,5,0
freeway86,25.13,26.63,1.5,10.98,2961,33,3807,0
freeway87,40.39,38.31,-2.07,7.61,1179,2861,18,0
freeway88,26.85,27.12,0.27,2.46,1217,290,43,0
freeway89,47.85,43.58,-4.27,37.68,10397,10956,50,0
freeway90,24.63,34.91,10.28,47.55,25884,958,1347,0
freeway91,25.2,24.93,-0.27,43.95,252,545,365,0
freeway92,23.22,22.68,-0.54,40.68,269,772,207,0
freeway93,14.32,22.26,7.94,55.13,25887,139,579,0
freeway94,9.93,16.47,6.54,41.95,22113,8,786,0
freeway95,27.77,27.92,0.15,3.23,687,27,100,0
freeway96,44.77,40.24,-4.53,21.01,3750,4710,160,0
freeway97,52.8,62.44,9.64,50.57,28286,71,18,0
freeway98,50.75,50.86,0.11,2.31,562,49,578,0
freeway99,51.45,44.69,-6.76,19.76,3268,5755,34,0
golfcourse00,29.33,55.85,26.52,59.27,37224,44,1095,0
golfcourse01,22.14,48.28,26.14,70.46,40775,28,4941,0
golfcourse02,26.13,36.2,10.07,36.13,21120,160,2173,0
golfcourse03,26.85,41.23,14.38,44.46,27356,224,1704,0
golfcourse04,38.03,56.8,18.77,55.87,34787,292,1643,0
golfcourse05,36.47,56.49,20.02,43.26,25689,134,2061,0
golfcourse06,28.16,43.2,15.04,56.92,31847,236,4121,0
golfcourse07,25.2,49.14,23.94,81.38,46446,91,6471,0
golfcourse08,19.32,36.2,16.88,49.56,30325,648,1587,0
golfcourse09,45.03,60.9,15.88,62.26,39811,71,810,0
golfcourse10,29.09,48.77,19.67,69.2,37798,97,6194,0
golfcourse11,16.91,34.85,17.93,64.08,38986,94,2309,0
golfcourse12,36.56,34.82,-1.74,39.96,15275,1536,7904,0
golfcourse13,18.3,37.38,19.08,56.45,34650,92,1910,0
golfcourse14,16.57,36.78,20.21,63.08,38650,55,2231,0
golfcourse15,29.73,36.07,6.34,41.18,10359,292,1316,0
golfcourse16,44.46,44.77,0.32,1.59,227,79,659,0
golfcourse17,17.5,17.68,0.18,4.37,438,18,991,0
golfcourse18,44.89,67.75,22.85,60.78,36818,626,2803,0
golfcourse19,24.12,28.84,4.71,86.48,51831,903,933,0
golfcourse20,32.87,31.83,-1.04,79.19,42818,7312,1691,0
golfcourse21,51.93,56.49,4.56,19.39,11255,296,1273,0
golfcourse22,41.57,32.26,-9.31,23.6,11742,2048,1900,0
golfcourse23,39.92,46.2,6.28,39.5,21823,1587,3731,0
golfcourse24,32.14,34.61,2.47,80.7,48542,2004,2257,0
golfcourse25,28.52,33.77,5.26,78.07,45361,3717,2533,0
golfcourse26,21.11,38.91,17.8,53.7,32097,49,646,0
golfcourse27,29.07,22.05,-7.02,29.38,4407,4985,1894,0
golfcourse28,54.49,64.24,9.75,25.11,14298,27,186,0
golfcourse29,22.27,48.38,26.11,52.48,33872,30,73,0
golfcourse30,41.87,57.85,15.98,60.6,38190,11,199,0
golfcourse31,0.06,33.92,33.86,86.07,55387,0,53,0
golfcourse32,35.45,53.78,18.33,71.4,43285,532,308,0
golfcourse33,36.35,51.23,14.88,66.02,42128,419,222,0
golfcourse34,37.09,54.27,17.18,38.12,22702,77,613,0
golfcourse35,40.38,60.07,19.69,66.74,42688,45,711,0
golfcourse36,43.66,67.34,23.68,77.2,48321,70,673,0
golfcourse37,17.52,34.58,17.06,58.36,31860,724,132,0
golfcourse38,19.5,43.08,23.59,69.39,43253,22,548,0
golfcourse39,26.13,45.99,19.86,84.86,53272,1028,653,0
golfcourse40,45.91,65.26,19.35,65.68,42211,176,458,0
golfcourse41,43.5,39.39,-4.11,60.86,34267,1638,1251,0
golfcourse42,40.74,40.89,0.15,44.29,25221,2719,1026,0
golfcourse43,59.26,73.72,14.46,52.71,32968,492,800,0
golfcourse44,14.08,18.15,4.07,54.18,28973,1885,3962,0
golfcourse45,13.85,29.16,15.31,16.55,7137,87,612,0
golfcourse46,23.06,23.56,0.51,6.62,988,302,998,0
golfcourse47,45.92,66.44,20.51,79.14,48410,211,652,0
golfcourse48,36.91,40.41,3.5,45.78,22653,765,2907,0
golfcourse49,16.64,21.16,4.53,72.65,39702,1542,3828,0
golfcourse50,14.05,30.47,16.42,72.48,42694,507,1208,0
golfcourse51,41.49,61.87,20.38,80.98,48572,1340,185,0
golfcourse52,33.39,35.15,1.77,28.0,5563,1095,1723,0
golfcourse53,30.7,40.62,9.92,50.21,28537,15,68,0
golfcourse54,19.1,27.51,8.41,61.66,35650,330,340,0
golfcourse55,39.82,48.07,8.25,52.65,26707,128,350,0
golfcourse56,40.8,48.05,7.25,69.22,27555,13,359,0
golfcourse57,34.66,54.14,19.47,38.84,17155,385,2478,0
golfcourse58,36.41,64.88,28.47,45.73,14488,10665,14470,0
golfcourse59,44.42,49.51,5.09,20.55,12642,110,548,0
golfcourse60,48.72,53.84,5.11,13.99,5236,670,3294,0
golfcourse61,30.21,0.0,-30.21,99.41,0,40709,65150,1
golfcourse62,29.1,27.54,-1.56,11.98,511,735,867,0
golfcourse63,19.0,18.75,-0.25,6.77,1140,2169,2039,0
golfcourse64,2.47,22.54,20.07,73.11,36073,1553,11551,0
golfcourse65,20.41,23.42,3.01,16.23,6916,529,1452,0
golfcourse66,17.54,45.05,27.51,55.18,34357,299,797,0
golfcourse67,36.79,37.03,0.24,8.98,3352,997,2237,0
golfcourse68,37.83,34.91,-2.92,39.92,16392,7360,755,0
golfcourse69,24.84,38.1,13.26,83.28,53478,118,893,0
golfcourse70,38.81,54.74,15.93,63.89,40043,119,1585,0
golfcourse71,36.15,56.8,20.65,74.86,46981,373,1809,0
golfcourse72,50.09,67.25,17.16,76.52,48962,33,983,0
golfcourse73,37.8,52.65,14.85,73.58,47214,6,424,0
golfcourse74,32.63,36.88,4.25,65.52,37237,1701,1802,0
golfcourse75,50.55,55.37,4.82,27.48,15140,133,2629,0
golfcourse76,21.54,29.69,8.16,44.77,26506,190,856,0
golfcourse77,39.91,53.12,13.21,51.08,30589,440,2488,0
golfcourse78,49.42,60.36,10.94,54.67,33103,394,2547,0
golfcourse79,41.77,43.36,1.59,12.04,4614,681,2841,0
golfcourse80,40.23,36.28,-3.96,41.44,23995,2253,1679,0
golfcourse81,55.11,41.25,-13.85,15.66,4885,2225,1032,0
golfcourse82,43.06,47.1,4.05,29.09,13269,883,5012,0
golfcourse83,49.27,54.39,5.12,26.19,14256,214,2308,0
golfcourse84,35.07,27.51,-7.56,14.92,1249,5174,7226,0
golfcourse85,50.77,40.87,-9.9,23.84,10545,3103,1618,0
golfcourse86,32.94,32.47,-0.46,8.42,605,1774,4564,0
golfcourse87,27.09,39.13,12.04,64.06,40356,71,1370,0
golfcourse88,37.04,49.68,12.65,71.95,45691,87,977,0
golfcourse89,34.37,50.78,16.42,72.73,46825,30,741,0
golfcourse90,55.12,57.74,2.62,13.94,6473,451,2075,0
golfcourse91,23.29,36.29,13.0,81.97,51056,127,2099,0
golfcourse92,30.27,32.33,2.05,51.32,18742,233,1524,0
golfcourse93,46.23,49.4,3.18,24.69,12659,720,3250,0
golfcourse94,40.38,40.49,0.12,51.71,1427,1554,32288,0
golfcourse95,28.43,30.54,2.1,9.85,992,2282,4722,0
golfcourse96,26.11,39.55,13.44,57.64,36646,9,753,0
golfcourse97,26.32,55.8,29.48,73.81,44148,283,3006,0
golfcourse98,26.77,37.01,10.25,77.68,26868,290,22335,0
golfcourse99,11.75,6.5,-5.24,55.37,0,19949,33988,0
harbor00,60.08,58.83,-1.25,5.27,190,988,2677,0
harbor01,23.74,23.71,-0.03,11.37,19,169,6949,0
harbor02,46.48,38.76,-7.72,29.65,680,15157,2637,0
harbor03,46.36,39.24,-7.12,30.62,1311,15196,2923,0
harbor04,27.32,41.68,14.36,56.61,24044,1875,11413,0
harbor05,15.63,14.91,-0.72,14.0,0,1516,8181,0
harbor06,11.83,0.0,-11.83,72.87,0,33769,47329,0
harbor07,12.01,0.0,-12.01,50.73,0,22839,10752,0
harbor08,19.37,4.82,-14.55,95.53,0,23707,43064,0
harbor09,18.81,6.97,-11.84,63.87,120,34597,41607,0
harbor10,33.64,14.0,-19.64,74.18,61,46257,48530,0
harbor11,2.32,0.0,-2.32,17.99,0,768,7810,0
harbor12,26.3,25.75,-0.56,58.41,33,904,38184,0
harbor13,0.0,0.0,0.0,8.77,0,0,5652,0
harbor14,17.02,0.0,-17.02,99.43,0,27663,41914,0
harbor15,20.58,0.0,-20.58,99.42,0,29427,40535,0
harbor16,0.0,0.0,0.0,8.61,0,0,5610,0
harbor17,0.02,0.0,-0.02,21.76,0,55,14261,0
harbor18,10.57,0.0,-10.57,93.64,0,22575,42144,0
harbor19,11.72,26.3,14.58,32.79,15991,988,4805,0
harbor20,11.32,0.03,-11.29,57.15,48,24811,36180,0
harbor21,12.33,12.15,-0.18,52.67,5,449,9875,0
harbor22,14.47,12.13,-2.34,17.2,29,2038,10824,0
harbor23,13.86,0.01,-13.85,90.5,13,39066,59254,0
harbor24,16.37,17.47,1.1,28.25,3784,1212,4321,0
harbor25,17.02,14.85,-2.17,16.95,1787,2048,7803,0
harbor26,13.58,19.32,5.74,62.55,22861,10816,18006,0
harbor27,18.69,0.0,-18.69,97.73,0,24563,63829,0
harbor28,0.0,0.0,0.0,14.8,0,0,9206,0
harbor29,39.0,36.86,-2.14,9.93,695,2403,4473,0
harbor30,16.06,14.96,-1.1,11.5,3,2115,7457,0
harbor31,18.82,0.0,-18.82,96.49,0,25081,63206,0
harbor32,39.9,40.37,0.47,4.11,353,200,2181,0
harbor33,32.71,32.5,-0.21,4.39,179,582,2623,0
harbor34,30.54,30.23,-0.31,5.64,854,663,2520,0
harbor35,20.74,19.96,-0.77,10.46,1026,960,4712,0
harbor36,24.53,24.25,-0.28,8.09,178,480,4665,0
harbor37,31.59,31.52,-0.07,5.69,458,644,2861,0
harbor38,38.22,36.72,-1.5,11.56,0,6300,7397,0
harbor39,33.11,31.79,-1.32,10.03,0,5277,6237,0
harbor40,30.5,29.75,-0.76,14.31,0,4978,9379,0
harbor41,38.08,35.11,-2.97,20.89,0,10065,13693,0
harbor42,40.52,38.86,-1.66,14.19,0,4964,9302,0
harbor43,24.25,27.91,3.66,31.09,0,1352,20371,0
harbor44,26.64,30.12,3.48,34.51,2,1782,22592,0
harbor45,25.86,28.19,2.33,38.0,9,1494,24844,0
harbor46,34.25,35.73,1.47,38.27,0,2077,25080,0
harbor47,24.65,27.43,2.78,36.49,9,2373,23877,0
harbor48,25.33,28.75,3.42,32.14,2,1702,21045,0
harbor49,31.65,46.89,15.24,36.28,14621,3308,7910,0
harbor50,30.21,45.44,15.23,43.28,17243,3136,10352,0
harbor51,26.93,28.76,1.83,38.36,17,5148,24990,0
harbor52,25.93,29.85,3.91,40.22,25,2454,26319,0
harbor53,40.62,40.15,-0.47,8.44,194,1195,4888,0
harbor54,18.37,21.45,3.07,29.05,29,1341,18441,0
harbor55,27.03,29.95,2.92,30.86,0,786,20134,0
harbor56,25.16,30.99,5.83,24.62,1180,1457,14772,0
harbor57,35.95,42.56,6.61,17.0,3939,1314,6402,0
harbor58,37.71,38.06,0.35,8.54,261,705,4669,0
harbor59,27.22,29.68,2.45,33.2,661,2889,21073,0
harbor60,27.43,30.65,3.22,28.55,2,2990,18699,0
harbor61,28.91,45.54,16.63,41.63,17042,3957,9272,0
harbor62,15.1,25.14,10.04,32.61,8905,2660,11973,0
harbor63,32.78,33.46,0.68,12.36,654,2814,7092,0
harbor64,38.09,46.04,7.94,19.43,5774,2057,6496,0
harbor65,25.85,28.66,2.8,33.2,12,1345,21655,0
harbor66,22.88,28.48,5.61,41.74,18,1446,27248,0
harbor67,16.82,17.76,0.94,27.63,20,948,17019,0
harbor68,39.45,39.84,0.39,21.3,526,2563,11109,0
harbor69,28.52,28.32,-0.2,7.04,91,964,3843,0
harbor70,21.68,29.68,8.0,23.79,7935,1458,6949,0
harbor71,31.84,36.63,4.79,39.57,12392,4115,3338,0
harbor72,28.28,43.41,15.13,37.46,16045,1572,4453,0
harbor73,29.3,41.43,12.13,38.75,15041,2996,6279,0
harbor74,22.03,27.06,5.04,32.0,6490,4066,14000,0
harbor75,28.93,33.35,4.42,26.45,6342,2912,9226,0
harbor76,46.15,45.31,-0.83,12.8,1183,3539,5857,0
harbor77,23.85,22.79,-1.06,46.9,0,5347,30732,0
harbor78,25.05,26.93,1.88,45.61,281,3901,29587,0
harbor79,29.32,27.98,-1.34,23.01,13,4034,14797,0
harbor80,39.06,36.24,-2.82,18.17,23,4591,11844,0
harbor81,26.14,39.47,13.33,48.63,15445,4286,15232,0
harbor82,24.29,34.82,10.53,60.59,14133,9584,14432,0
harbor83,33.61,27.51,-6.1,60.8,8927,17380,2676,0
harbor84,11.02,23.55,12.53,41.52,14279,311,10499,0
harbor85,31.74,31.06,-0.68,13.3,350,260,6478,0
harbor86,35.16,34.74,-0.42,19.79,1888,533,9342,0
harbor87,14.36,30.14,15.78,30.07,13638,69,2765,0
harbor88,16.42,31.72,15.29,27.57,11395,164,2879,0
harbor89,24.76,29.98,5.22,66.62,11443,24482,3304,0
harbor90,24.73,38.04,13.31,47.24,14070,4091,8447,0
harbor91,34.03,38.4,4.37,11.82,1984,614,5178,0
harbor92,64.02,52.11,-11.91,38.06,1201,18576,5004,0
harbor93,59.09,46.57,-12.51,15.48,1544,3611,7297,0
harbor94,29.16,18.47,-10.69,55.73,187,21784,14865,0
harbor95,29.87,18.31,-11.56,72.46,2526,40975,44924,0
harbor96,27.2,23.69,-3.51,39.26,2076,20479,2856,0
harbor97,48.32,38.78,-9.54,56.32,14,25626,35407,0
harbor98,25.96,27.71,1.75,23.52,2621,6311,11608,0
harbor99,45.58,44.35,-1.23,10.77,83,3285,3749,0
intersection00,46.83,46.07,-0.76,15.31,1897,788,1158,0
intersection01,34.89,34.07,-0.82,9.14,883,521,555,0
intersection02,22.86,22.94,0.08,5.47,1681,366,1013,0
intersection03,49.74,48.88,-0.86,8.17,759,612,679,0
intersection04,37.75,36.86,-0.89,9.89,423,1597,2378,0
intersection05,38.54,34.89,-3.65,10.59,339,1570,1713,0
intersection06,47.34,47.71,0.37,4.73,936,551,860,0
intersection07,19.11,29.16,10.05,29.76,9065,19,1029,0
intersection08,40.53,38.66,-1.86,9.95,1037,2740,668,0
intersection09,48.72,46.13,-2.59,7.98,679,1931,606,0
intersection10,42.22,39.26,-2.96,11.66,497,2157,663,0
intersection11,37.67,36.97,-0.7,3.54,262,1549,855,0
intersection12,32.45,31.56,-0.9,7.69,733,2798,1361,0
intersection13,47.94,47.02,-0.92,4.33,288,917,607,0
intersection14,25.78,25.46,-0.32,9.57,446,332,4593,0
intersection15,39.75,50.95,11.21,18.88,7715,1947,1335,0
intersection16,37.34,37.08,-0.27,3.26,557,896,1257,0
intersection17,38.66,29.44,-9.22,31.71,9800,9616,836,0
intersection18,35.61,40.35,4.74,32.02,5250,119,213,0
intersection19,64.3,64.21,-0.09,5.15,1964,314,539,0
intersection20,51.84,52.67,0.83,11.0,2864,650,1887,0
intersection21,46.91,57.83,10.92,48.54,29710,1069,1419,0
intersection22,58.66,57.91,-0.74,2.84,432,469,680,0
intersection23,41.73,40.23,-1.5,6.15,217,1680,2202,0
intersection24,35.38,48.07,12.69,63.97,39294,1110,1721,0
intersection25,42.07,42.27,0.2,7.77,445,975,2917,0
intersection26,46.06,42.31,-3.75,5.07,1301,936,767,0
intersection27,38.49,39.57,1.07,9.42,1208,980,778,0
intersection28,38.91,46.07,7.16,36.85,21158,384,650,0
intersection29,22.53,32.61,10.08,58.86,35300,977,1588,0
intersection30,44.66,44.88,0.23,15.39,5529,1297,1898,0
intersection31,41.15,42.02,0.87,12.84,4272,1009,1565,0
intersection32,46.13,45.6,-0.53,4.74,746,320,641,0
intersection33,37.94,46.15,8.21,52.22,26870,760,289,0
intersection34,41.02,39.39,-1.63,24.32,3301,1886,4208,0
intersection35,34.06,30.85,-3.21,6.04,379,1599,1398,0
intersection36,30.15,28.59,-1.56,62.97,37396,974,2550,0
intersection37,43.33,48.57,5.24,29.94,16078,241,454,0
intersection38,38.21,28.67,-9.54,12.08,3791,3357,315,0
intersection39,29.11,36.34,7.23,56.89,34362,619,804,0
intersection40,39.99,40.07,0.08,9.68,3333,433,424,0
intersection41,46.69,45.66,-1.03,5.91,1011,2115,306,0
intersection42,35.97,36.86,0.89,14.31,3106,1223,521,0
intersection43,52.96,53.67,0.7,6.68,1452,1260,943,0
intersection44,44.29,44.69,0.4,8.92,3901,623,823,0
intersection45,39.88,40.16,0.28,3.63,700,179,362,0
intersection46,60.65,58.81,-1.84,4.08,878,962,735,0
intersection47,51.09,54.99,3.9,8.25,4628,55,31,0
intersection48,45.59,55.45,9.86,25.73,16581,115,72,0
intersection49,45.4,57.63,12.23,47.83,28953,599,759,0
intersection50,30.77,36.02,5.26,40.62,21432,951,108,0
intersection51,23.45,38.35,14.9,53.98,30838,539,689,0
intersection52,33.72,44.62,10.9,43.43,27518,56,57,0
intersection53,20.48,23.72,3.24,24.99,12044,86,177,0
intersection54,39.14,39.62,0.48,10.63,3241,1555,88,0
intersection55,40.43,67.69,27.27,67.94,43317,277,125,0
intersection56,32.0,34.22,2.22,35.76,14942,4969,677,0
intersection57,60.89,63.21,2.32,9.75,2145,964,1221,0
intersection58,28.73,45.75,17.02,69.94,43408,208,333,0
intersection59,45.73,54.53,8.8,35.51,18992,1764,327,0
intersection60,34.15,33.44,-0.71,7.72,4,2191,4509,0
intersection61,55.0,53.17,-1.82,7.5,0,3101,4081,0
intersection62,42.19,54.22,12.03,49.38,29849,1080,1871,0
intersection63,21.88,31.59,9.71,60.33,36568,1166,1470,0
intersection64,47.93,45.89,-2.04,8.93,707,781,723,0
intersection65,34.09,40.75,6.66,38.35,15887,1915,2453,0
intersection66,54.82,62.04,7.21,30.35,17709,546,870,0
intersection67,36.97,46.53,9.56,44.89,21466,996,5278,0
intersection68,26.45,31.3,4.86,35.27,15132,602,7238,0
intersection69,54.96,47.29,-7.67,25.58,11462,2080,2424,0
intersection70,19.07,24.59,5.52,48.35,25476,1247,749,0
intersection71,29.24,22.29,-6.95,11.32,413,4581,1728,0
intersection72,27.89,33.8,5.9,33.5,19143,1736,2285,0
intersection73,32.78,41.74,8.96,47.67,27308,300,708,0
intersection74,29.25,41.83,12.58,62.09,33816,304,606,0
intersection75,30.15,39.79,9.63,45.8,27827,184,588,0
intersection76,28.18,33.01,4.83,43.63,21110,2703,6995,0
intersection77,60.59,60.0,-0.59,6.92,560,1514,3250,0
intersection78,16.05,19.04,2.99,14.23,6226,1226,726,0
intersection79,40.95,45.91,4.95,34.82,16834,297,375,0
intersection80,50.53,50.74,0.21,14.72,2376,1694,2741,0
intersection81,64.14,62.66,-1.48,5.07,547,1081,1295,0
intersection82,51.72,52.93,1.22,13.73,5073,313,248,0
intersection83,54.85,55.18,0.33,11.4,4206,1675,308,0
intersection84,42.97,41.14,-1.84,18.43,5776,1090,543,0
intersection85,44.02,44.05,0.04,4.47,679,488,798,0
intersection86,33.87,41.2,7.32,38.98,23973,380,74,0
intersection87,44.34,54.51,10.18,45.98,28749,68,98,0
intersection88,54.16,56.14,1.98,9.77,4597,442,175,0
intersection89,37.29,52.75,15.46,53.35,33075,158,123,0
intersection90,32.17,32.31,0.15,7.32,2106,42,76,0
intersection91,36.92,43.33,6.41,31.39,19044,637,96,0
intersection92,13.72,17.3,3.58,24.77,10734,64,2269,0
intersection93,34.33,39.35,5.02,31.66,18173,826,292,0
intersection94,54.39,64.0,9.61,32.03,17656,549,1123,0
intersection95,59.38,59.73,0.35,7.53,1603,1654,763,0
intersection96,50.01,50.71,0.7,11.49,3979,514,498,0
intersection97,44.06,55.27,11.21,43.84,25072,302,402,0
intersection98,43.7,43.41,-0.29,5.93,879,805,1585,0
intersection99,21.11,26.71,5.6,40.75,20215,205,896,0
mediumresidential00,22.56,21.74,-0.82,16.92,1132,3456,1631,0
mediumresidential01,19.12,20.59,1.47,17.52,419,1504,406,0
mediumresidential02,22.59,22.95,0.36,21.29,944,1011,2341,0
mediumresidential03,16.06,18.21,2.15,26.6,5112,2839,2031,0
mediumresidential04,22.45,23.18,0.72,8.85,929,904,1825,0
mediumresidential05,25.25,25.11,-0.14,10.91,769,596,2474,0
mediumresidential06,40.69,41.07,0.38,10.24,542,665,3622,0
mediumresidential07,29.25,29.48,0.23,10.31,1596,342,4285,0
mediumresidential08,32.35,31.6,-0.75,13.99,937,714,1231,0
mediumresidential09,28.68,28.98,0.29,15.64,2529,1131,2823,0
mediumresidential10,18.3,18.98,0.68,11.77,2582,1228,1927,0
mediumresidential11,42.53,42.56,0.03,13.29,1929,376,1837,0
mediumresidential12,25.52,25.81,0.29,11.62,1888,981,3325,0
mediumresidential13,34.19,32.21,-1.98,18.79,2042,345,484,0
mediumresidential14,19.98,18.96,-1.02,16.11,1786,320,898,0
mediumresidential15,27.71,27.98,0.27,17.13,1025,637,1634,0
mediumresidential16,28.75,27.96,-0.79,15.39,1746,1562,2604,0
mediumresidential17,33.78,33.38,-0.41,15.07,764,473,1374,0
mediumresidential18,36.9,35.53,-1.36,14.81,2109,1031,1948,0
mediumresidential19,38.99,44.11,5.11,26.88,9815,1051,7053,0
mediumresidential20,45.67,42.82,-2.85,17.41,1758,2488,1433,0
mediumresidential21,26.49,27.06,0.56,18.31,1641,345,1336,0
mediumresidential22,29.69,27.9,-1.79,15.75,1786,504,1827,0
mediumresidential23,44.89,42.87,-2.02,17.94,2712,468,895,0
mediumresidential24,43.13,45.2,2.07,15.41,4895,755,1820,0
mediumresidential25,34.71,34.35,-0.36,16.63,2349,374,2515,0
mediumresidential26,40.09,38.39,-1.7,14.64,1696,1018,1933,0
mediumresidential27,39.83,39.7,-0.13,14.38,2603,1628,3554,0
mediumresidential28,28.05,27.56,-0.49,7.84,804,2365,741,0
mediumresidential29,38.43,41.95,3.51,11.62,3974,659,1131,0
mediumresidential30,27.23,26.8,-0.43,9.56,1231,409,954,0
mediumresidential31,43.36,45.37,2.02,8.07,2193,1287,725,0
mediumresidential32,36.0,35.85,-0.16,7.23,875,864,1525,0
mediumresidential33,32.69,34.83,2.15,16.3,4219,813,4356,0
mediumresidential34,37.32,38.26,0.94,13.04,2909,853,1538,0
mediumresidential35,21.96,25.34,3.38,20.39,10529,352,620,0
mediumresidential36,23.14,32.18,9.05,56.94,33540,551,1664,0
mediumresidential37,38.46,37.66,-0.81,15.71,4035,1582,426,0
mediumresidential38,29.15,35.36,6.21,36.04,19134,592,1420,0
mediumresidential39,37.59,47.95,10.35,43.56,24354,275,669,0
mediumresidential40,41.58,47.27,5.69,20.21,9449,108,110,0
mediumresidential41,37.79,45.91,8.12,44.74,24723,512,1544,0
mediumresidential42,41.02,42.85,1.83,13.72,5403,465,767,0
mediumresidential43,36.23,45.1,8.86,41.11,22669,140,649,0
mediumresidential44,34.11,45.46,11.34,52.5,30949,76,1320,0
mediumresidential45,44.4,45.21,0.8,10.09,3364,279,234,0
mediumresidential46,37.2,44.95,7.76,41.22,18940,386,2173,0
mediumresidential47,38.42,39.92,1.5,16.55,6721,1007,1274,0
mediumresidential48,42.95,39.5,-3.45,15.79,4223,2888,499,0
mediumresidential49,51.09,52.72,1.62,8.84,3258,579,122,0
mediumresidential50,27.32,29.18,1.86,15.63,6131,368,1021,0
mediumresidential51,34.65,36.41,1.76,12.19,3300,969,1709,0
mediumresidential52,45.94,48.71,2.77,11.64,5783,404,289,0
mediumresidential53,46.86,48.04,1.19,9.65,3316,364,338,0
mediumresidential54,42.16,42.6,0.44,13.1,3870,570,863,0
mediumresidential55,29.43,38.23,8.79,49.06,27465,266,1359,0
mediumresidential56,31.47,31.63,0.16,18.87,2762,501,4744,0
mediumresidential57,27.17,26.86,-0.31,20.02,1115,944,5671,0
mediumresidential58,29.09,27.19,-1.9,15.01,51,3396,3639,0
mediumresidential59,30.15,32.53,2.38,14.85,4671,266,1559,0
mediumresidential60,34.3,34.15,-0.15,8.6,699,933,2441,0
mediumresidential61,40.82,40.73,-0.1,10.81,2557,900,1639,0
mediumresidential62,24.3,23.73,-0.58,12.6,1658,1209,2093,0
mediumresidential63,27.36,27.3,-0.06,9.83,1521,522,1364,0
mediumresidential64,34.96,35.71,0.75,11.99,2877,400,1692,0
mediumresidential65,44.99,45.73,0.74,11.91,2805,349,1866,0
mediumresidential66,37.71,38.23,0.52,12.11,2491,849,2418,0
mediumresidential67,38.53,39.35,0.82,9.84,1446,480,2697,0
mediumresidential68,44.52,45.72,1.2,8.92,1802,1023,1405,0
mediumresidential69,32.15,30.08,-2.06,16.09,2048,5329,1921,0
mediumresidential70,30.5,31.73,1.23,9.67,1447,682,3918,0
mediumresidential71,42.42,42.39,-0.03,10.59,1492,1013,1727,0
mediumresidential72,25.37,26.18,0.81,8.31,1494,810,1574,0
mediumresidential73,41.62,43.31,1.69,9.82,2198,593,1809,0
mediumresidential74,40.98,40.97,-0.01,10.32,1225,1575,2417,0
mediumresidential75,30.05,37.14,7.09,25.73,12858,106,773,0
mediumresidential76,40.42,41.35,0.93,9.34,408,784,5348,0
mediumresidential77,39.49,39.87,0.38,8.74,566,1858,4962,0
mediumresidential78,49.8,49.89,0.09,7.51,671,1109,3397,0
mediumresidential79,44.62,45.43,0.81,8.17,1161,776,4078,0
mediumresidential80,51.36,51.65,0.28,10.49,1743,1105,4048,0
mediumresidential81,32.69,32.92,0.23,13.36,1332,1640,2742,0
mediumresidential82,28.25,27.63,-0.62,20.45,1096,3049,2693,0
mediumresidential83,39.71,39.19,-0.52,9.42,650,538,1364,0
mediumresidential84,24.6,25.38,0.78,14.65,1750,807,2196,0
mediumresidential85,22.4,22.73,0.33,20.47,346,1744,6581,0
mediumresidential86,14.2,13.98,-0.22,11.3,1386,671,1589,0
mediumresidential87,26.54,25.39,-1.15,16.01,704,2360,1336,0
mediumresidential88,13.89,14.03,0.14,15.73,410,1183,2956,0
mediumresidential89,28.19,27.3,-0.89,13.18,865,2506,4596,0
mediumresidential90,24.7,24.15,-0.55,13.62,62,3007,7234,0
mediumresidential91,28.66,28.02,-0.63,12.76,141,2171,4779,0
mediumresidential92,41.44,42.52,1.08,14.9,6493,1259,485,0
mediumresidential93,51.62,52.33,0.71,11.3,1002,656,5725,0
mediumresidential94,32.14,31.43,-0.71,8.65,730,936,1452,0
mediumresidential95,36.34,36.83,0.49,7.61,713,455,3187,0
mediumresidential96,47.52,46.51,-1.01,8.85,214,2970,4190,0
mediumresidential97,38.09,42.91,4.83,28.95,14080,624,958,0
mediumresidential98,16.56,15.44,-1.11,24.39,1042,3750,1191,0
mediumresidential99,9.61,14.07,4.45,38.5,11310,3814,1443,0
mobilehomepark00,16.52,16.23,-0.29,18.13,2673,988,1135,0
mobilehomepark01,21.11,18.71,-2.41,40.8,3582,8573,886,0
mobilehomepark02,32.96,35.25,2.29,11.56,4561,347,363,0
mobilehomepark03,22.05,21.89,-0.17,8.59,1193,422,1211,0
mobilehomepark04,16.23,16.03,-0.19,5.62,376,31,820,0
mobilehomepark05,28.82,29.52,0.7,6.66,2511,63,430,0
mobilehomepark06,34.34,35.08,0.74,6.18,1894,70,317,0
mobilehomepark07,21.75,21.86,0.12,6.94,886,13,732,0
mobilehomepark08,26.61,25.62,-0.98,13.72,5425,526,1259,0
mobilehomepark09,32.89,33.92,1.03,8.9,2864,289,1066,0
mobilehomepark10,17.76,18.66,0.9,10.98,2190,0,660,0
mobilehomepark11,13.35,12.61,-0.74,15.28,1067,1,2243,0
mobilehomepark12,26.66,26.76,0.1,12.28,2704,115,246,0
mobilehomepark13,27.47,29.61,2.14,11.24,6263,4,259,0
mobilehomepark14,26.88,29.83,2.95,16.29,8856,16,810,0
mobilehomepark15,29.22,29.79,0.58,9.29,2736,294,403,0
mobilehomepark16,35.44,36.53,1.09,8.76,3241,269,400,0
mobilehomepark17,19.43,18.38,-1.05,12.88,816,19,692,0
mobilehomepark18,20.99,20.56,-0.44,7.96,811,39,1315,0
mobilehomepark19,16.93,16.19,-0.75,9.29,1162,10,1776,0
mobilehomepark20,14.38,14.34,-0.04,9.56,944,2,2148,0
mobilehomepark21,23.58,13.91,-9.67,7.98,1041,90,1876,0
mobilehomepark22,23.33,22.11,-1.22,9.57,1169,93,980,0
mobilehomepark23,22.54,23.47,0.93,8.16,859,28,2149,0
mobilehomepark24,17.63,17.79,0.16,8.49,1131,34,1644,0
mobilehomepark25,14.93,14.39,-0.54,9.99,574,500,435,0
mobilehomepark26,10.81,10.11,-0.69,14.51,191,798,977,0
mobilehomepark27,10.91,10.66,-0.25,16.02,2589,73,1058,0
mobilehomepark28,20.18,19.69,-0.48,15.19,1909,760,3292,0
mobilehomepark29,12.83,14.13,1.3,15.73,2440,850,3520,0
mobilehomepark30,16.58,16.37,-0.21,13.58,1645,437,764,0
mobilehomepark31,19.79,19.66,-0.13,14.13,2420,174,2620,0
mobilehomepark32,22.0,20.02,-1.98,19.69,1508,878,1133,0
mobilehomepark33,19.1,18.6,-0.5,18.21,3615,2490,3549,0
mobilehomepark34,19.96,19.12,-0.84,15.43,1401,1517,1912,0
mobilehomepark35,12.89,12.87,-0.02,12.75,969,688,4662,0
mobilehomepark36,11.71,11.41,-0.3,13.91,829,122,1276,0
mobilehomepark37,14.98,14.65,-0.32,11.74,915,136,2277,0
mobilehomepark38,15.72,15.57,-0.15,12.71,1470,229,2036,0
mobilehomepark39,20.02,19.41,-0.61,10.54,844,376,2400,0
mobilehomepark40,17.37,17.39,0.02,13.91,1648,53,1280,0
mobilehomepark41,16.37,15.53,-0.84,16.09,1195,117,1751,0
mobilehomepark42,21.82,20.86,-0.96,15.15,1169,95,1581,0
mobilehomepark43,15.69,14.68,-1.02,17.06,1351,297,2717,0
mobilehomepark44,13.96,14.17,0.21,14.83,1919,21,3089,0
mobilehomepark45,15.05,15.71,0.66,14.51,1775,93,3446,0
mobilehomepark46,15.55,13.78,-1.77,17.65,558,1028,2364,0
mobilehomepark47,18.67,17.79,-0.88,14.44,1885,396,1654,0
mobilehomepark48,21.33,21.11,-0.22,4.98,291,257,2316,0
mobilehomepark49,21.56,19.76,-1.79,8.94,260,500,2881,0
mobilehomepark50,19.93,19.07,-0.86,3.62,320,154,464,0
mobilehomepark51,18.24,19.62,1.38,3.56,1446,2,368,0
mobilehomepark52,22.33,21.45,-0.89,9.13,463,570,1389,0
mobilehomepark53,23.91,23.16,-0.75,6.93,132,912,3301,0
mobilehomepark54,23.05,20.99,-2.05,10.13,484,986,2316,0
mobilehomepark55,21.16,19.12,-2.04,11.63,266,1005,2255,0
mobilehomepark56,20.89,19.92,-0.97,11.14,459,1268,4519,0
mobilehomepark57,21.35,19.28,-2.07,8.07,501,459,1242,0
mobilehomepark58,20.2,19.63,-0.57,6.92,557,143,1516,0
mobilehomepark59,15.88,15.03,-0.85,8.61,521,205,1874,0
mobilehomepark60,22.58,22.53,-0.05,8.42,971,700,3074,0
mobilehomepark61,20.57,19.75,-0.82,9.19,380,1440,3458,0
mobilehomepark62,17.51,17.05,-0.47,6.55,424,627,1353,0
mobilehomepark63,21.73,20.28,-1.45,12.51,299,2531,6057,0
mobilehomepark64,19.58,18.96,-0.62,10.26,608,808,4150,0
mobilehomepark65,24.78,23.46,-1.31,8.99,216,910,3881,0
mobilehomepark66,27.55,23.98,-3.56,12.79,254,1983,3082,0
mobilehomepark67,19.11,18.57,-0.54,11.48,647,435,3725,0
mobilehomepark68,19.02,16.28,-2.74,16.62,554,1870,2702,0
mobilehomepark69,20.44,18.3,-2.14,12.08,281,1625,3659,0
mobilehomepark70,20.78,18.35,-2.44,12.45,558,534,2126,0
mobilehomepark71,25.11,26.82,1.71,17.51,7611,182,920,0
mobilehomepark72,31.18,30.74,-0.44,17.81,5024,1521,321,0
mobilehomepark73,32.05,34.27,2.21,14.49,5548,556,1775,0
mobilehomepark74,20.22,21.07,0.85,18.45,4191,516,3050,0
mobilehomepark75,13.7,15.35,1.65,21.35,5796,886,237,0
mobilehomepark76,22.04,24.59,2.55,15.67,7484,142,122,0
mobilehomepark77,21.38,26.96,5.58,34.51,17008,78,2777,0
mobilehomepark78,13.96,14.24,0.28,5.17,491,102,321,0
mobilehomepark79,19.74,24.16,4.42,15.06,4035,212,735,0
mobilehomepark80,25.57,23.03,-2.54,13.12,753,1324,3223,0
mobilehomepark81,25.75,23.23,-2.52,9.23,99,1586,4085,0
mobilehomepark82,17.58,13.41,-4.17,16.35,671,402,1500,0
mobilehomepark83,19.94,17.95,-1.99,14.96,1266,55,1401,0
mobilehomepark84,11.79,11.08,-0.72,10.27,1310,327,665,0
mobilehomepark85,11.96,10.99,-0.97,12.74,1370,13,2036,0
mobilehomepark86,9.8,9.45,-0.35,8.63,583,63,1636,0
mobilehomepark87,12.41,12.1,-0.3,12.54,1857,251,2602,0
mobilehomepark88,7.88,8.5,0.61,23.75,2760,6,5539,0
mobilehomepark89,18.27,17.56,-0.71,14.56,1331,202,1872,0
mobilehomepark90,13.26,14.32,1.06,11.74,2914,10,769,0
mobilehomepark91,19.52,20.47,0.95,12.59,2879,84,2134,0
mobilehomepark92,14.57,14.53,-0.04,11.64,2218,21,2518,0
mobilehomepark93,8.49,8.23,-0.26,18.61,2039,1,6237,0
mobilehomepark94,24.54,24.21,-0.33,7.24,587,35,2188,0
mobilehomepark95,23.19,21.61,-1.57,9.92,449,24,108,0
mobilehomepark96,24.58,21.76,-2.82,15.87,303,1524,576,0
mobilehomepark97,19.7,19.4,-0.3,7.37,377,453,355,0
mobilehomepark98,19.75,18.81,-0.94,12.3,988,760,851,0
mobilehomepark99,14.75,18.74,3.99,21.58,5937,1484,3901,0
overpass00,45.89,48.92,3.03,13.73,3402,2468,4200,0
overpass01,46.67,42.95,-3.72,7.92,1042,2578,2088,0
overpass02,18.23,38.9,20.67,77.87,46673,44,62,0
overpass03,40.08,40.81,0.73,3.39,1704,71,166,0
overpass04,24.86,34.28,9.42,13.01,8303,20,57,0
overpass05,24.5,39.47,14.97,45.9,27913,6,10,0
overpass06,40.82,51.96,11.14,18.21,10466,396,192,0
overpass07,49.53,57.54,8.02,15.62,10033,12,31,0
overpass08,17.64,25.71,8.07,74.45,11307,2,34891,0
overpass09,42.26,59.29,17.04,17.38,11008,36,14,0
overpass10,30.98,22.87,-8.1,6.74,51,3429,137,0
overpass11,30.74,34.03,3.29,11.9,2839,727,4480,0
overpass12,38.52,31.89,-6.63,13.03,2610,3913,538,0
overpass13,32.22,34.99,2.77,21.32,4840,2939,2302,0
overpass14,25.59,35.75,10.16,19.99,6363,685,3042,0
overpass15,29.31,27.52,-1.79,22.18,4294,934,9915,0
overpass16,64.34,63.73,-0.61,3.85,947,758,1309,0
overpass17,45.33,45.2,-0.13,3.15,160,301,408,0
overpass18,43.4,43.4,-0.0,4.88,1520,585,1560,0
overpass19,54.58,54.92,0.34,7.33,2820,1129,1906,0
overpass20,34.07,43.42,9.35,81.15,51194,1508,1630,0
overpass21,82.02,80.21,-1.82,1.28,116,499,615,0
overpass22,26.66,25.75,-0.91,32.09,12034,5076,2727,0
overpass23,32.73,31.79,-0.95,20.18,836,458,8234,0
overpass24,29.76,24.63,-5.13,47.85,4448,14307,50,0
overpass25,35.59,26.76,-8.83,40.93,56,18184,3461,0
overpass26,34.57,36.42,1.85,7.3,4472,11,84,0
overpass27,14.74,16.34,1.6,23.25,4060,109,149,0
overpass28,16.5,15.83,-0.67,18.62,2290,4033,5,0
overpass29,21.04,21.38,0.33,13.39,2414,992,429,0
overpass30,44.14,45.09,0.95,5.08,1995,494,245,0
overpass31,47.35,46.74,-0.61,9.92,361,1207,5277,0
overpass32,43.81,40.48,-3.33,12.77,793,2742,486,0
overpass33,51.07,51.08,0.01,8.97,4190,915,774,0
overpass34,49.96,44.48,-5.48,14.31,55,7176,1959,0
overpass35,30.44,31.12,0.68,5.12,2001,149,999,0
overpass36,63.15,48.12,-15.03,21.25,25,13056,378,0
overpass37,34.32,29.24,-5.07,11.1,287,5540,473,0
overpass38,39.79,39.27,-0.52,1.53,87,475,758,0
overpass39,41.87,48.59,6.72,10.95,5775,399,1236,0
overpass40,40.53,48.81,8.27,21.2,12605,171,895,0
overpass41,30.52,29.52,-0.99,61.47,224,3214,5921,0
overpass42,34.72,52.9,18.18,63.46,36993,538,2815,0
overpass43,28.33,39.35,11.02,59.03,24707,183,1222,0
overpass44,48.59,49.9,1.31,10.78,4354,1043,2515,0
overpass45,42.37,42.05,-0.32,1.47,184,228,414,0
overpass46,45.27,46.28,1.01,4.59,1759,640,1033,0
overpass47,29.03,45.13,16.1,55.25,31882,545,2861,0
overpass48,44.21,50.33,6.12,32.55,18634,1340,522,0
overpass49,42.72,44.47,1.75,8.63,5330,84,165,0
overpass50,56.13,55.98,-0.15,1.56,441,357,510,0
overpass51,34.8,50.13,15.32,42.78,24158,708,2877,0
overpass52,23.45,24.46,1.01,7.36,3436,585,968,0
overpass53,47.57,48.68,1.11,15.52,3686,2149,659,0
overpass54,38.79,42.69,3.9,6.23,3208,130,403,0
overpass55,44.99,46.36,1.37,10.68,372,533,953,0
overpass56,57.41,49.59,-7.82,4.31,1745,927,911,0
overpass57,18.47,37.17,18.7,84.75,49726,184,258,0
overpass58,8.9,29.09,20.2,91.87,56644,106,207,0
overpass59,37.4,36.7,-0.7,12.57,5684,1563,560,0
overpass60,37.56,38.46,0.91,9.58,1812,460,805,0
overpass61,34.76,37.23,2.47,44.81,8252,2921,211,0
overpass62,29.46,28.34,-1.12,37.83,326,2322,98,0
overpass63,50.29,49.56,-0.73,1.48,96,373,437,0
overpass64,36.87,36.42,-0.45,3.66,133,916,2077,0
overpass65,28.99,28.66,-0.33,37.8,510,328,4046,0
overpass66,26.71,37.19,10.48,45.49,23006,127,6191,0
overpass67,35.79,49.22,13.43,58.39,30676,590,64,0
overpass68,37.02,31.19,-5.82,27.41,6212,5952,21,0
overpass69,33.56,45.25,11.7,32.97,13758,1069,183,0
overpass70,28.17,27.75,-0.42,72.18,217,340,763,0
overpass71,49.69,38.31,-11.37,30.6,350,4230,46,0
overpass72,28.72,26.74,-1.98,27.08,118,4286,246,0
overpass73,33.96,40.99,7.03,21.39,12314,293,79,0
overpass74,31.98,40.48,8.5,68.45,42452,1148,128,0
overpass75,33.26,36.19,2.94,13.55,7383,56,60,0
overpass76,63.02,50.89,-12.13,8.25,984,3160,242,0
overpass77,13.45,22.86,9.41,69.34,30740,282,247,0
overpass78,23.82,42.69,18.87,76.82,39051,233,16,0
overpass79,49.2,51.59,2.39,67.93,35043,6793,110,0
overpass80,45.94,40.32,-5.62,15.37,576,5122,777,0
overpass81,28.2,22.03,-6.16,54.64,4328,14013,578,0
overpass82,10.75,22.58,11.84,65.09,19326,99,8356,0
overpass83,32.06,31.04,-1.01,6.33,1274,2255,487,0
overpass84,29.37,34.1,4.73,24.5,4860,2379,7558,0
overpass85,22.71,31.95,9.24,34.04,13870,6349,1462,0
overpass86,33.62,43.71,10.08,56.72,17147,822,6755,0
overpass87,28.39,27.98,-0.42,2.6,48,263,280,0
overpass88,24.49,36.16,11.67,72.15,30209,1596,5175,0
overpass89,23.56,38.16,14.6,77.3,34419,378,8802,0
overpass90,17.8,16.12,-1.68,11.02,913,3030,2157,0
overpass91,44.32,36.61,-7.71,22.18,290,8363,356,0
overpass92,25.98,32.56,6.58,67.77,17107,2968,164,0
overpass93,53.98,41.95,-12.03,10.84,296,6407,432,0
overpass94,33.04,19.77,-13.28,22.75,116,14054,435,0
overpass95,30.58,30.59,0.02,10.46,368,46,6092,0
overpass96,17.05,17.36,0.31,40.08,1636,74,125,0
overpass97,37.65,50.72,13.06,62.08,40149,242,332,0
overpass98,35.42,41.86,6.44,25.94,16395,115,379,0
overpass99,23.54,24.58,1.04,3.06,1651,37,113,0
parkinglot00,41.88,40.89,-0.99,2.64,252,870,1298,0
parkinglot01,48.81,49.01,0.21,3.48,6,935,2271,0
parkinglot02,36.16,36.06,-0.1,6.71,2,2023,4387,0
parkinglot03,59.94,59.25,-0.68,2.58,2,1042,1687,0
parkinglot04,59.28,59.46,0.18,3.04,4,830,1976,0
parkinglot05,44.66,44.84,0.17,3.63,91,773,2050,0
parkinglot06,53.8,53.77,-0.03,3.97,91,1286,2442,0
parkinglot07,42.99,42.53,-0.46,3.3,141,1412,1942,0
parkinglot08,38.6,38.99,0.39,2.96,46,668,1799,0
parkinglot09,51.42,51.94,0.52,3.45,21,761,1980,0
parkinglot10,35.64,35.36,-0.28,3.45,33,905,2203,0
parkinglot11,33.12,32.79,-0.33,10.68,31,1606,6816,0
parkinglot12,59.29,59.05,-0.24,2.04,11,746,1294,0
parkinglot13,89.85,89.46,-0.39,1.66,10,638,1020,0
parkinglot14,47.86,52.75,4.89,11.69,1181,1952,5850,0
parkinglot15,85.31,85.23,-0.08,3.59,8,1110,2334,0
parkinglot16,88.39,87.31,-1.08,3.37,7,1279,2047,0
parkinglot17,60.02,59.27,-0.75,2.66,3,1187,1735,0
parkinglot18,14.82,14.82,-0.0,2.17,363,47,643,0
parkinglot19,43.33,42.71,-0.62,1.7,34,546,940,0
parkinglot20,66.23,64.78,-1.45,5.96,57,2886,3808,0
parkinglot21,52.57,50.67,-1.9,6.86,10,3571,4476,0
parkinglot22,93.16,91.41,-1.74,1.57,9,795,1020,0
parkinglot23,88.46,86.36,-2.1,3.7,3,1624,2423,0
parkinglot24,42.75,41.96,-0.79,4.42,221,1851,2627,0
parkinglot25,56.87,57.87,1.0,2.31,352,348,844,0
parkinglot26,82.58,79.44,-3.14,3.57,2,1817,2309,0
parkinglot27,82.54,79.2,-3.34,4.2,2,2294,2753,0
parkinglot28,59.26,56.73,-2.53,6.97,0,3778,4558,0
parkinglot29,87.23,76.61,-10.62,6.54,3,3639,4279,0
parkinglot30,55.08,53.53,-1.55,4.01,5,1970,2446,0
parkinglot31,43.02,41.63,-1.39,7.81,90,3282,4352,0
parkinglot32,54.16,53.12,-1.04,2.33,37,1104,1413,0
parkinglot33,57.19,54.68,-2.5,5.56,169,2818,3368,0
parkinglot34,79.63,77.36,-2.27,5.59,1839,1199,1629,0
parkinglot35,61.49,60.19,-1.3,7.71,161,592,926,0
parkinglot36,61.91,60.72,-1.18,3.29,2,1518,2107,0
parkinglot37,33.38,29.73,-3.65,22.18,15,10045,2450,0
parkinglot38,88.92,86.62,-2.3,4.35,1,2092,2847,0
parkinglot39,32.08,30.26,-1.82,5.06,139,1529,1259,0
parkinglot40,41.72,38.94,-2.78,8.24,230,2838,3574,0
parkinglot41,42.99,35.04,-7.95,6.96,510,3320,2585,0
parkinglot42,43.36,42.17,-1.19,4.47,6,2296,2913,0
parkinglot43,78.74,74.95,-3.79,5.09,0,2820,3339,0
parkinglot44,66.26,64.47,-1.8,3.61,80,1646,2091,0
parkinglot45,69.96,67.66,-2.3,6.13,144,2998,3638,0
parkinglot46,75.35,73.48,-1.88,6.18,66,2983,3725,0
parkinglot47,63.96,61.33,-2.64,6.98,34,3105,2376,0
parkinglot48,44.86,44.23,-0.64,3.33,268,891,1330,0
parkinglot49,50.32,41.32,-9.0,11.08,1995,4665,994,0
parkinglot50,82.14,80.89,-1.25,2.12,10,1066,1368,0
parkinglot51,45.35,44.69,-0.66,2.86,1,1356,1861,0
parkinglot52,34.14,32.82,-1.31,3.13,6,1065,1357,0
parkinglot53,47.27,46.77,-0.5,4.79,690,1929,2426,0
parkinglot54,46.75,46.07,-0.68,2.2,70,879,1339,0
parkinglot55,43.29,39.59,-3.71,4.81,54,2260,2272,0
parkinglot56,49.09,46.68,-2.41,7.45,192,1862,2814,0
parkinglot57,42.87,41.95,-0.92,4.85,41,1969,3006,0
parkinglot58,51.57,50.82,-0.76,2.34,136,891,1222,0
parkinglot59,87.01,85.3,-1.72,2.5,8,1226,1625,0
parkinglot60,36.3,35.83,-0.47,2.51,30,871,1573,0
parkinglot61,58.08,55.6,-2.48,7.23,49,1368,2196,0
parkinglot62,43.88,42.66,-1.23,5.02,179,2136,2573,0
parkinglot63,38.61,38.51,-0.11,7.73,650,905,3590,0
parkinglot64,39.09,39.18,0.09,2.66,155,721,1550,0
parkinglot65,41.24,40.19,-1.05,2.93,106,799,990,0
parkinglot66,52.1,50.56,-1.55,2.41,12,1189,1555,0
parkinglot67,52.77,50.9,-1.87,5.25,4,2695,3432,0
parkinglot68,44.93,43.94,-0.99,4.45,1,2104,2908,0
parkinglot69,34.59,33.7,-0.89,3.57,7,1670,2295,0
parkinglot70,53.68,53.03,-0.65,1.7,51,250,402,0
parkinglot71,92.75,90.57,-2.18,4.63,83,2201,2928,0
parkinglot72,36.2,35.88,-0.32,3.02,27,1162,1936,0
parkinglot73,34.88,34.1,-0.79,3.61,105,1566,2068,0
parkinglot74,28.45,27.83,-0.62,5.27,29,2222,3416,0
parkinglot75,42.69,40.99,-1.7,5.61,12,2901,3653,0
parkinglot76,44.44,43.21,-1.23,3.85,59,1667,2183,0
parkinglot77,43.23,42.24,-0.99,3.9,220,1574,2326,0
parkinglot78,86.19,84.98,-1.21,4.62,73,1889,2872,0
parkinglot79,58.78,55.93,-2.85,7.06,2,3720,4627,0
parkinglot80,58.54,57.09,-1.45,4.48,6,2228,2924,0
parkinglot81,87.51,84.99,-2.52,4.42,1,2216,2893,0
parkinglot82,55.12,53.58,-1.54,4.92,76,2529,3003,0
parkinglot83,42.52,41.02,-1.5,7.42,0,2737,4194,0
parkinglot84,63.1,62.35,-0.76,3.2,45,1406,2050,0
parkinglot85,62.67,62.2,-0.47,2.31,0,957,1510,0
parkinglot86,63.22,62.6,-0.62,2.35,12,1035,1515,0
parkinglot87,59.17,58.15,-1.02,1.46,22,704,933,0
parkinglot88,35.47,34.5,-0.97,5.1,5,2481,3313,0
parkinglot89,89.15,84.99,-4.16,6.37,0,3570,4176,0
parkinglot90,89.69,85.14,-4.55,7.37,2,4287,4820,0
parkinglot91,60.39,58.41,-1.98,6.31,50,3201,4061,0
parkinglot92,79.28,74.33,-4.95,8.21,2,4353,5378,0
parkinglot93,75.01,71.4,-3.6,6.09,13,3099,3979,0
parkinglot94,80.51,76.33,-4.18,7.45,64,3517,4810,0
parkinglot95,82.14,78.16,-3.98,4.86,29,2590,3148,0
parkinglot96,84.15,80.33,-3.82,6.91,78,3157,4383,0
parkinglot97,34.77,44.81,10.04,8.46,2443,2416,2987,0
parkinglot98,34.53,33.05,-1.47,5.35,0,3013,1617,0
parkinglot99,80.25,79.13,-1.12,2.58,31,1058,1647,0
river00,28.98,30.1,1.12,3.41,1154,552,188,0
river01,43.51,38.45,-5.06,9.28,845,1412,2062,0
river02,28.78,23.37,-5.41,6.9,382,2251,2474,0
river03,33.65,34.89,1.23,14.0,1336,1701,5345,0
river04,32.68,17.67,-15.02,17.24,412,8044,3477,0
river05,33.94,33.35,-0.59,42.78,393,613,1674,0
river06,26.2,16.66,-9.55,53.89,23120,8784,1719,0
river07,30.12,26.73,-3.39,60.95,1,4634,1148,0
river08,36.93,21.49,-15.44,47.02,25,30261,2074,0
river09,86.68,81.2,-5.48,4.97,249,2553,2058,0
river10,94.13,87.07,-7.06,6.96,369,3843,3730,0
river11,63.67,63.17,-0.5,1.65,230,564,671,0
river12,45.18,41.21,-3.97,6.2,101,3698,3762,0
river13,95.26,48.91,-46.35,24.28,256,14963,15539,0
river14,48.14,47.95,-0.19,2.97,230,875,1454,0
river15,30.86,27.99,-2.87,26.56,2950,5587,11958,0
river16,33.84,29.64,-4.2,5.71,477,2194,2599,0
river17,44.05,29.73,-14.33,27.9,977,12837,6782,0
river18,40.79,41.25,0.45,9.71,712,902,2993,0
river19,54.16,52.55,-1.61,10.45,1056,3820,4794,0
river20,64.09,60.27,-3.82,12.97,1378,1379,599,0
river21,40.52,42.74,2.22,15.37,4111,1059,5077,0
river22,36.96,29.27,-7.69,32.32,483,13706,13635,0
river23,29.23,18.57,-10.67,31.37,1822,12537,14334,0
river24,61.52,61.64,0.12,3.5,809,752,1111,0
river25,41.74,42.33,0.59,5.41,568,1769,1888,0
river26,50.33,61.59,11.26,28.47,11952,1121,4841,0
river27,56.77,45.59,-11.18,26.99,431,6659,6921,0
river28,61.22,59.36,-1.86,5.11,411,1405,1142,0
river29,3.92,6.04,2.12,86.23,23290,10233,6263,0
river30,2.68,12.02,9.34,81.08,38485,2930,426,0
river31,4.48,4.55,0.07,26.13,2706,2090,11488,0
river32,22.23,4.7,-17.54,46.38,3096,14944,14735,0
river33,25.0,9.76,-15.24,57.9,15870,19466,3,0
river34,17.69,12.66,-5.03,21.01,472,5199,3667,0
river35,14.93,9.58,-5.35,15.82,595,7744,6834,0
river36,30.3,15.21,-15.09,34.61,194,16027,14920,0
river37,49.13,31.72,-17.4,21.77,314,10831,4813,0
river38,35.65,29.89,-5.76,15.75,187,5650,3095,0
river39,39.83,44.38,4.55,7.32,1251,1421,1065,0
river40,9.59,11.36,1.77,42.38,4437,3846,19422,0
river41,39.76,31.02,-8.74,49.57,1676,7824,9124,0
river42,15.97,9.63,-6.34,35.76,5910,10592,8849,0
river43,20.22,11.14,-9.07,29.34,937,9563,13962,0
river44,26.47,24.69,-1.78,6.34,309,2009,1829,0
river45,19.01,15.07,-3.95,13.13,1224,2706,4562,0
river46,24.71,20.08,-4.62,17.82,345,6534,2648,0
river47,20.45,31.2,10.75,49.72,18356,4195,10453,0
river48,13.55,19.41,5.86,42.86,9740,8278,15680,0
river49,29.23,20.15,-9.08,30.0,782,8533,13965,0
river50,29.48,19.4,-10.07,26.57,1468,9471,11173,0
river51,20.02,24.83,4.81,60.16,27511,5581,6755,0
river52,13.87,23.99,10.13,48.11,20027,1713,6772,0
river53,49.96,34.81,-15.16,21.85,3225,6540,6372,0
river54,44.3,53.65,9.35,15.47,4945,2546,3461,0
river55,30.76,30.47,-0.3,4.69,66,1273,1531,0
river56,29.06,29.38,0.32,23.8,27,727,1090,0
river57,32.32,31.93,-0.38,26.78,344,1645,8575,0
river58,27.65,28.14,0.49,37.68,1634,725,22497,0
river59,48.73,56.0,7.28,36.24,17655,721,5661,0
river60,31.67,32.27,0.6,45.42,2282,782,27360,0
river61,51.36,50.56,-0.8,9.68,915,2829,1692,0
river62,41.85,42.39,0.54,19.99,2631,1595,9725,0
river63,31.36,34.42,3.06,16.75,8072,1997,2112,0
river64,21.04,23.44,2.4,15.76,8808,792,798,0
river65,54.17,53.08,-1.09,10.74,575,1317,5213,0
river66,32.75,45.12,12.37,32.05,19381,927,418,0
river67,41.16,56.52,15.36,43.64,27289,553,394,0
river68,21.92,38.3,16.38,82.37,43981,242,458,0
river69,48.32,45.63,-2.69,3.06,645,851,187,0
river70,15.36,27.82,12.45,83.83,46974,293,654,0
river71,41.62,40.97,-0.66,1.39,88,441,347,0
river72,42.33,41.47,-0.87,0.84,70,414,154,0
river73,29.74,23.33,-6.41,62.49,12913,26741,337,0
river74,65.69,63.71,-1.98,1.96,211,1005,592,0
river75,22.59,2.25,-20.34,99.98,5123,8540,8691,0
river76,18.57,17.49,-1.08,9.99,2274,2149,1590,0
river77,27.62,13.75,-13.87,24.69,997,9033,9563,0
river78,24.63,18.69,-5.94,10.61,1382,3101,3813,0
river79,33.26,31.95,-1.31,14.85,326,515,325,0
river80,29.2,14.91,-14.3,20.4,807,11389,524,0
river81,21.84,18.18,-3.66,16.98,1162,7085,1137,0
river82,31.06,23.47,-7.59,22.31,0,13244,2524,0
river83,19.17,19.68,0.5,17.11,7797,2467,1515,0
river84,26.4,26.32,-0.08,2.61,266,889,802,0
river85,26.72,26.54,-0.18,11.33,102,842,971,0
river86,11.81,3.77,-8.04,72.12,6081,15869,15250,0
river87,13.51,13.62,0.11,16.84,942,471,371,0
river88,58.38,60.14,1.76,12.74,4976,758,841,0
river89,54.93,54.96,0.02,4.58,1196,826,1589,0
river90,29.87,48.28,18.41,62.69,37946,520,1607,0
river91,53.89,51.41,-2.48,4.24,142,1644,1538,0
river92,16.26,16.04,-0.22,23.01,0,888,1032,0
river93,21.41,22.47,1.06,32.93,3558,1708,17246,0
river94,15.24,15.26,0.01,31.34,921,1076,5657,0
river95,49.66,28.58,-21.08,46.16,187,26711,26786,0
river96,39.18,29.77,-9.41,11.65,414,5940,3493,0
river97,23.8,23.25,-0.55,3.23,109,1310,1372,0
river98,37.69,37.34,-0.35,2.02,183,828,748,0
river99,45.93,45.55,-0.38,2.31,194,675,897,0
runway00,24.47,24.62,0.15,2.84,9,721,3,0
runway01,50.43,49.62,-0.81,0.09,23,9,35,0
runway02,100.0,100.0,0.0,0.0,0,0,0,0
runway03,31.22,32.66,1.44,7.63,1,1057,4,0
runway04,65.12,33.23,-31.89,6.35,6,4019,4156,0
runway05,100.0,100.0,0.0,0.0,0,0,0,0
runway06,30.36,30.63,0.28,1.0,0,32,7,0
runway07,100.0,100.0,0.0,0.0,2,0,0,0
runway08,31.02,31.99,0.97,5.76,1,706,15,0
runway09,14.92,23.4,8.49,38.77,19319,1457,5,0
runway10,24.65,24.59,-0.06,0.04,12,3,7,0
runway11,8.79,8.26,-0.53,61.6,222,1652,18,0
runway12,63.65,62.39,-1.27,1.95,26,614,1253,0
runway13,27.77,27.12,-0.65,4.7,7,2554,443,0
runway14,31.67,31.36,-0.31,1.08,16,327,645,0
runway15,26.71,8.7,-18.01,29.25,1,19031,12,0
runway16,46.99,46.54,-0.46,1.62,110,672,906,0
runway17,24.7,24.68,-0.02,0.09,0,43,25,0
runway18,48.34,48.37,0.03,0.24,46,20,103,0
runway19,24.8,24.8,-0.01,6.98,1,32,4547,0
runway20,48.6,48.59,-0.01,0.31,130,15,74,0
runway21,65.55,65.26,-0.3,0.46,65,175,234,0
runway22,32.18,30.61,-1.58,33.94,310,5261,21522,0
runway23,34.45,34.5,0.05,3.17,1115,698,498,0
runway24,64.89,65.56,0.67,2.1,1203,109,169,0
runway25,54.31,65.73,11.41,10.04,6283,97,236,0
runway26,46.89,49.28,2.38,8.18,5196,115,164,0
runway27,48.43,48.82,0.38,1.34,489,135,385,0
runway28,62.06,65.94,3.88,10.34,6598,143,176,0
runway29,66.12,65.84,-0.28,0.32,31,142,180,0
runway30,48.42,48.28,-0.14,0.61,57,172,203,0
runway31,30.82,31.14,0.32,4.84,2587,333,153,0
runway32,62.51,63.34,0.83,2.43,1412,114,173,0
runway33,33.76,65.74,31.98,18.45,11942,69,144,0
runway34,65.8,65.41,-0.38,0.49,51,184,272,0
runway35,65.73,65.29,-0.44,0.35,8,193,220,0
runway36,62.39,62.28,-0.11,1.05,480,150,205,0
runway37,17.95,18.64,0.68,56.86,3231,77,33859,0
runway38,43.75,65.36,21.6,11.94,7637,100,185,0
runway39,34.25,65.45,31.2,19.72,12679,147,238,0
runway40,65.53,65.67,0.14,0.62,177,126,232,0
runway41,65.03,64.91,-0.12,0.9,365,182,226,0
runway42,65.25,64.81,-0.44,0.4,6,200,254,0
runway43,65.51,65.15,-0.36,0.4,9,186,247,0
runway44,39.51,42.65,3.14,21.69,2046,1081,12110,0
runway45,56.89,64.97,8.08,5.16,3149,135,230,0
runway46,25.07,48.9,23.83,15.89,10284,39,89,0
runway47,62.77,64.41,1.63,1.79,951,94,224,0
runway48,31.46,65.75,34.29,26.36,17086,115,186,0
runway49,66.01,65.84,-0.16,0.39,98,91,155,0
runway50,27.02,27.0,-0.02,1.54,54,101,951,0
runway51,30.02,30.67,0.65,2.08,1318,0,0,0
runway52,18.25,19.91,1.67,8.63,354,73,0,0
runway53,23.11,23.19,0.09,0.41,16,0,0,0
runway54,11.85,17.22,5.37,43.37,14071,0,0,0
runway55,4.18,4.68,0.5,70.93,142,0,30,0
runway56,4.86,22.37,17.51,79.65,46619,4,926,0
runway57,29.97,30.48,0.51,2.02,1152,0,0,0
runway58,27.05,26.27,-0.78,12.63,166,1703,8108,0
runway59,30.68,32.22,1.53,4.93,81,44,0,0
runway60,49.96,49.01,-0.95,2.02,37,1286,871,0
runway61,19.96,19.98,0.03,0.48,14,18,0,0
runway62,1.09,1.11,0.02,9.55,79,0,5238,0
runway63,16.66,15.59,-1.07,6.45,5,4208,111,0
runway64,14.12,14.02,-0.1,1.87,14,454,1210,0
runway65,24.91,24.87,-0.04,0.73,0,16,99,0
runway66,26.05,23.74,-2.31,12.43,7,3285,0,0
runway67,26.74,22.15,-4.6,29.26,0,7736,7689,0
runway68,16.49,16.49,0.0,12.01,0,115,19,0
runway69,24.92,24.93,0.01,0.11,0,7,0,0
runway70,44.04,25.01,-19.03,7.77,14,4989,42,0
runway71,18.21,18.19,-0.02,0.21,0,54,2,0
runway72,28.15,19.95,-8.21,9.68,65,2634,52,0
runway73,19.95,19.94,-0.01,0.71,0,13,49,0
runway74,19.95,19.95,0.0,0.29,18,18,21,0
runway75,24.91,24.91,-0.01,5.99,0,19,45,0
runway76,19.92,19.92,0.01,4.94,1,20,94,0
runway77,19.97,19.97,0.0,0.07,0,7,0,0
runway78,30.66,30.57,-0.09,0.31,0,168,38,0
runway79,7.62,12.03,4.42,36.11,21464,12,2116,0
runway80,47.68,25.51,-22.17,8.75,90,5574,49,0
runway81,16.27,16.28,0.01,0.87,0,17,4,0
runway82,19.94,19.95,0.0,0.13,0,2,24,0
runway83,19.6,19.6,0.0,0.08,1,12,1,0
runway84,22.92,24.18,1.27,12.06,2,91,5,0
runway85,35.18,19.43,-15.76,54.33,1,28749,6734,0
runway86,35.64,19.28,-16.36,50.41,12,31364,574,0
runway87,46.05,24.15,-21.9,53.69,0,32225,2429,0
runway88,45.26,24.93,-20.33,16.89,4,10980,0,0
runway89,24.94,24.93,-0.01,0.05,0,7,0,0
runway90,100.0,100.0,0.0,0.0,0,0,0,0
runway91,24.98,24.97,-0.01,0.15,0,7,48,0
runway92,49.19,24.93,-24.26,15.48,7,9975,44,0
runway93,33.25,33.25,-0.0,0.09,15,28,0,0
runway94,44.42,24.62,-19.8,6.47,8,4114,4,0
runway95,46.57,24.87,-21.7,6.68,5,4313,2,0
runway96,46.9,24.8,-22.11,7.11,0,4566,2,0
runway97,33.15,33.12,-0.03,0.7,34,92,394,0
runway98,32.35,32.32,-0.02,2.99,0,49,10,0
runway99,13.2,12.85,-0.36,2.76,9,0,1,0
sparseresidential00,47.28,47.0,-0.28,11.87,2501,1987,3050,0
sparseresidential01,29.53,24.67,-4.86,34.31,6632,5668,1078,0
sparseresidential02,36.46,34.48,-1.98,5.88,774,1782,381,0
sparseresidential03,22.33,24.97,2.64,17.29,5298,387,2223,0
sparseresidential04,38.1,38.9,0.8,6.57,2439,361,177,0
sparseresidential05,19.54,23.34,3.8,19.75,9513,394,578,0
sparseresidential06,38.84,28.18,-10.67,11.07,965,3359,2379,0
sparseresidential07,33.95,31.72,-2.23,5.87,1284,512,728,0
sparseresidential08,30.45,38.1,7.65,34.74,19587,378,263,0
sparseresidential09,38.72,31.75,-6.97,13.33,1348,4949,1026,0
sparseresidential10,44.12,44.47,0.35,10.55,3447,1460,386,0
sparseresidential11,23.67,33.18,9.51,14.97,4985,1226,1503,0
sparseresidential12,16.94,21.53,4.6,87.34,19206,38,405,0
sparseresidential13,27.42,30.43,3.01,75.72,14861,45,798,0
sparseresidential14,21.43,21.22,-0.21,60.14,131,37,3347,0
sparseresidential15,24.62,18.97,-5.65,91.23,0,9560,129,0
sparseresidential16,25.31,25.96,0.64,41.47,10162,2240,5634,0
sparseresidential17,38.53,39.0,0.47,8.41,2856,604,722,0
sparseresidential18,17.57,20.76,3.19,43.27,14070,982,8193,0
sparseresidential19,22.42,24.07,1.65,48.64,9182,245,4317,0
sparseresidential20,33.63,32.01,-1.62,12.3,541,796,751,0
sparseresidential21,51.86,50.74,-1.12,7.6,603,819,1046,0
sparseresidential22,49.37,48.09,-1.28,9.88,2248,605,138,0
sparseresidential23,28.52,33.03,4.51,68.31,19597,273,1175,0
sparseresidential24,52.88,51.11,-1.77,8.47,809,1449,1549,0
sparseresidential25,36.43,42.99,6.56,28.96,8640,434,6547,0
sparseresidential26,43.14,40.91,-2.23,27.59,117,6780,1724,0
sparseresidential27,36.84,25.55,-11.29,17.48,17,1699,3884,0
sparseresidential28,39.56,42.86,3.29,39.77,9875,483,14829,0
sparseresidential29,20.29,19.3,-0.98,7.91,525,1425,636,0
sparseresidential30,35.47,18.4,-17.07,30.05,4210,7858,1531,0
sparseresidential31,23.53,24.98,1.44,45.03,27883,1002,256,0
sparseresidential32,63.77,61.09,-2.68,9.89,1294,1749,1864,0
sparseresidential33,47.21,45.49,-1.72,12.62,894,938,3347,0
sparseresidential34,57.44,63.02,5.58,29.48,13191,1021,2721,0
sparseresidential35,54.74,54.52,-0.22,15.73,847,1943,8282,0
sparseresidential36,33.12,38.19,5.07,31.96,12820,268,2106,0
sparseresidential37,45.91,50.81,4.9,7.05,573,378,1957,0
sparseresidential38,45.98,47.35,1.37,66.07,14233,6252,76,0
sparseresidential39,19.68,22.49,2.82,45.2,12976,1091,346,0
sparseresidential40,41.69,49.81,8.12,39.71,22593,1261,1582,0
sparseresidential41,30.91,39.4,8.49,67.93,21847,64,670,0
sparseresidential42,41.12,50.99,9.87,50.54,19275,523,2470,0
sparseresidential43,41.05,39.52,-1.53,29.09,3627,656,3679,0
sparseresidential44,30.31,40.39,10.09,60.07,35062,1594,3322,0
sparseresidential45,18.98,28.83,9.86,74.96,47073,439,1690,0
sparseresidential46,33.54,56.81,23.28,67.87,37214,809,4249,0
sparseresidential47,33.48,33.96,0.49,74.28,30439,3734,4351,0
sparseresidential48,27.19,20.93,-6.26,56.93,20279,5747,954,0
sparseresidential49,28.49,36.9,8.41,66.28,28538,991,1058,0
sparseresidential50,28.89,33.4,4.52,26.39,8346,425,1756,0
sparseresidential51,33.42,36.74,3.32,30.89,11514,412,5612,0
sparseresidential52,35.74,42.61,6.87,42.91,18465,573,3053,0
sparseresidential53,35.03,34.23,-0.79,18.69,2691,874,5753,0
sparseresidential54,41.81,46.74,4.93,14.51,7024,388,1680,0
sparseresidential55,37.98,47.47,9.49,44.04,20604,402,2262,0
sparseresidential56,42.05,41.96,-0.08,6.91,638,534,652,0
sparseresidential57,35.39,36.25,0.87,38.73,1850,846,23202,0
sparseresidential58,18.53,27.53,9.0,66.28,38481,1625,3610,0
sparseresidential59,45.26,49.88,4.62,17.09,7560,762,2363,0
sparseresidential60,30.24,38.73,8.49,73.72,41335,945,4657,0
sparseresidential61,24.36,23.93,-0.43,10.27,305,1227,882,0
sparseresidential62,42.11,43.91,1.8,12.15,3827,550,1964,0
sparseresidential63,36.17,24.72,-11.45,14.6,2636,2734,1398,0
sparseresidential64,42.46,42.06,-0.41,7.79,1477,774,1591,0
sparseresidential65,35.26,35.34,0.07,12.93,2545,2099,5026,0
sparseresidential66,36.71,34.64,-2.07,6.62,776,1776,708,0
sparseresidential67,32.63,30.97,-1.66,11.61,1865,2020,2858,0
sparseresidential68,30.73,25.14,-5.59,18.64,2707,4288,1061,0
sparseresidential69,59.09,58.97,-0.11,3.04,622,322,477,0
sparseresidential70,34.77,35.0,0.23,11.28,1755,407,2463,0
sparseresidential71,30.57,29.73,-0.84,4.42,685,1381,422,0
sparseresidential72,37.54,46.1,8.57,8.87,3161,591,1471,0
sparseresidential73,46.41,47.31,0.9,13.02,3520,1107,2494,0
sparseresidential74,25.2,34.32,9.12,60.05,27824,1260,5347,0
sparseresidential75,55.34,54.62,-0.72,12.58,828,4861,710,0
sparseresidential76,34.71,23.51,-11.2,47.56,466,28617,838,0
sparseresidential77,39.39,29.3,-10.09,39.07,6879,14129,3298,0
sparseresidential78,35.59,32.05,-3.54,7.7,529,2331,1309,0
sparseresidential79,41.6,36.2,-5.4,23.95,3202,8478,7097,0
sparseresidential80,27.97,27.77,-0.2,9.6,1610,943,1394,0
sparseresidential81,27.22,31.1,3.88,33.7,770,2960,2336,0
sparseresidential82,50.59,39.39,-11.2,63.23,1974,37654,1542,0
sparseresidential83,36.5,27.84,-8.66,43.34,5620,19353,3650,0
sparseresidential84,42.77,32.14,-10.63,46.05,667,21571,4984,0
sparseresidential85,23.41,19.47,-3.94,66.06,7,4436,268,0
sparseresidential86,23.95,17.0,-6.95,75.62,13,846,6480,0
sparseresidential87,25.12,18.82,-6.3,64.6,569,3057,31796,0
sparseresidential88,22.27,20.42,-1.85,80.78,20,1527,3853,0
sparseresidential89,21.56,21.64,0.08,48.25,372,65,672,0
sparseresidential90,36.23,34.08,-2.15,55.57,239,2517,33049,0
sparseresidential91,16.07,16.17,0.09,81.54,85,7,44685,0
sparseresidential92,30.0,25.28,-4.72,30.06,108,6380,2452,0
sparseresidential93,17.56,17.21,-0.35,62.24,13,342,435,0
sparseresidential94,9.94,9.46,-0.47,57.75,0,537,8127,0
sparseresidential95,28.85,28.33,-0.53,24.43,4014,2578,7283,0
sparseresidential96,38.81,43.13,4.32,31.96,12617,1416,6911,0
sparseresidential97,43.1,42.69,-0.41,2.69,198,53,37,0
sparseresidential98,39.03,47.28,8.25,62.64,31389,366,1762,0
sparseresidential99,36.98,43.72,6.74,48.07,25414,733,4072,0
storagetanks00,36.77,36.48,-0.29,7.43,157,1191,3965,0
storagetanks01,11.81,11.7,-0.11,7.5,0,205,1246,0
storagetanks02,16.35,16.37,0.02,59.68,32,12,147,0
storagetanks03,23.52,32.87,9.35,35.82,17590,1268,5006,0
storagetanks04,34.65,35.08,0.43,10.54,2476,1706,2165,0
storagetanks05,46.06,34.67,-11.39,26.87,550,13825,13931,0
storagetanks06,25.18,31.37,6.19,26.12,12275,652,3834,0
storagetanks07,26.03,27.36,1.33,24.84,1986,1846,9018,0
storagetanks08,26.34,32.66,6.32,28.81,12367,4081,307,0
storagetanks09,23.16,22.06,-1.1,3.64,330,1048,476,0
storagetanks10,14.14,26.99,12.85,38.67,17910,755,676,0
storagetanks11,22.33,28.06,5.73,24.02,9486,2402,40,0
storagetanks12,22.16,19.96,-2.19,11.59,1782,2654,61,0
storagetanks13,32.63,35.28,2.64,5.98,700,887,794,0
storagetanks14,31.06,28.1,-2.97,33.73,2739,2153,5935,0
storagetanks15,24.91,26.69,1.77,58.85,13859,8913,308,0
storagetanks16,14.93,21.45,6.52,53.74,26785,563,3194,0
storagetanks17,26.73,21.01,-5.72,32.47,92,15804,966,0
storagetanks18,39.2,39.39,0.19,11.49,1720,1772,3980,0
storagetanks19,29.63,26.91,-2.72,13.17,175,3214,4950,0
storagetanks20,23.01,25.95,2.94,25.74,9839,138,4112,0
storagetanks21,23.64,27.39,3.75,28.56,2967,24,15517,0
storagetanks22,34.98,37.57,2.59,11.34,4429,1346,87,0
storagetanks23,25.77,33.62,7.85,33.13,21094,189,70,0
storagetanks24,12.56,12.46,-0.11,8.47,20,190,409,0
storagetanks25,9.82,9.98,0.16,84.29,24597,12619,22042,0
storagetanks26,15.58,21.1,5.51,24.39,8588,1249,6211,0
storagetanks27,19.93,18.08,-1.85,8.41,151,529,575,0
storagetanks28,29.64,31.0,1.36,3.49,715,259,158,0
storagetanks29,19.85,31.49,11.64,29.73,18220,14,557,0
storagetanks30,31.85,31.21,-0.64,8.86,1210,427,242,0
storagetanks31,18.51,18.54,0.03,3.2,195,0,135,0
storagetanks32,20.76,20.54,-0.22,2.57,162,301,531,0
storagetanks33,20.77,22.46,1.69,9.01,3326,219,1889,0
storagetanks34,33.03,36.01,2.99,22.33,11060,980,310,0
storagetanks35,21.48,22.86,1.38,15.67,6164,887,2914,0
storagetanks36,13.67,13.63,-0.05,1.01,31,58,251,0
storagetanks37,22.96,22.93,-0.03,0.33,20,31,0,0
storagetanks38,18.38,18.31,-0.07,0.79,8,21,24,0
storagetanks39,23.19,23.19,0.01,0.77,66,27,9,0
storagetanks40,23.98,30.24,6.26,47.98,13803,3104,1658,0
storagetanks41,39.9,42.68,2.78,5.8,2714,617,314,0
storagetanks42,14.07,28.4,14.33,62.05,33020,0,189,0
storagetanks43,18.68,23.12,4.44,18.62,8098,794,2188,0
storagetanks44,40.33,50.42,10.09,34.91,18096,652,3296,0
storagetanks45,19.85,19.77,-0.09,4.84,48,118,1497,0
storagetanks46,60.42,57.64,-2.77,10.22,1907,4170,267,0
storagetanks47,18.46,22.54,4.07,59.41,28980,4359,1740,0
storagetanks48,43.01,50.87,7.87,35.95,20326,1084,1359,0
storagetanks49,29.96,30.14,0.17,4.75,946,267,358,0
storagetanks50,30.96,40.57,9.62,31.45,11652,1526,2868,0
storagetanks51,16.53,26.0,9.47,45.24,17687,4057,913,0
storagetanks52,40.54,48.03,7.49,50.87,15643,832,2663,0
storagetanks53,26.49,35.18,8.68,56.29,34506,820,851,0
storagetanks54,48.24,46.13,-2.12,9.13,1057,1223,71,0
storagetanks55,40.26,42.71,2.45,15.1,6735,903,1659,0
storagetanks56,45.82,45.9,0.08,4.31,272,414,2097,0
storagetanks57,27.63,40.11,12.48,59.16,28950,537,2669,0
storagetanks58,21.2,20.53,-0.67,58.18,526,198,3679,0
storagetanks59,12.95,13.87,0.92,6.67,309,396,3318,0
storagetanks60,28.95,27.47,-1.48,19.35,21,4523,8908,0
storagetanks61,25.49,38.95,13.46,30.01,10213,7973,145,0
storagetanks62,24.03,24.79,0.76,5.32,952,771,1381,0
storagetanks63,7.34,17.15,9.81,42.36,24295,116,1160,0
storagetanks64,29.08,40.09,11.01,19.61,11509,256,502,0
storagetanks65,36.98,39.4,2.42,33.09,4229,591,14154,0
storagetanks66,42.37,40.23,-2.14,33.82,4021,2687,4643,0
storagetanks67,12.67,7.9,-4.77,36.34,1066,5010,17038,0
storagetanks68,25.74,30.08,4.34,60.44,9251,8304,25079,0
storagetanks69,41.45,40.55,-0.9,29.18,2614,3810,4318,0
storagetanks70,19.43,39.77,20.34,63.41,30007,808,9270,0
storagetanks71,22.61,23.47,0.86,12.78,5345,8,1,0
storagetanks72,30.24,41.06,10.82,11.56,5221,133,1804,0
storagetanks73,17.48,10.71,-6.76,4.27,7,980,1051,0
storagetanks74,24.51,24.54,0.04,38.14,50,904,176,0
storagetanks75,49.8,47.21,-2.58,13.89,51,158,71,0
storagetanks76,25.42,25.27,-0.16,69.72,12,186,14847,0
storagetanks77,18.95,19.66,0.71,74.1,44,556,2114,0
storagetanks78,19.84,19.35,-0.48,54.32,0,706,25265,0
storagetanks79,20.65,20.82,0.17,1.26,0,9,7,0
storagetanks80,15.12,18.67,3.55,33.31,88,428,2419,0
storagetanks81,4.43,4.94,0.51,16.88,35,0,1,0
storagetanks82,20.3,30.54,10.23,28.21,13456,785,10,0
storagetanks83,30.16,35.44,5.28,25.81,10024,794,7,0
storagetanks84,18.0,17.93,-0.08,70.03,5,150,365,0
storagetanks85,0.04,12.58,12.54,14.79,9280,3,42,0
storagetanks86,15.21,25.04,9.83,17.45,9157,7,237,0
storagetanks87,2.92,13.57,10.66,12.12,7721,9,116,0
storagetanks88,38.47,38.46,-0.0,8.21,2322,169,357,0
storagetanks89,17.4,14.8,-2.6,43.18,95,2722,7227,0
storagetanks90,24.95,27.88,2.92,40.22,311,2184,219,0
storagetanks91,27.45,31.93,4.48,19.5,116,168,1585,0
storagetanks92,26.71,30.37,3.66,13.72,644,758,1512,0
storagetanks93,40.23,41.32,1.08,12.38,5328,883,693,0
storagetanks94,23.38,23.03,-0.35,14.49,465,863,655,0
storagetanks95,35.86,35.33,-0.53,19.02,387,543,8400,0
storagetanks96,18.41,18.28,-0.13,39.24,505,1401,16885,0
storagetanks97,25.67,25.16,-0.5,31.79,583,1213,17794,0
storagetanks98,10.6,8.9,-1.69,36.39,212,1801,18750,0
storagetanks99,17.08,17.87,0.78,25.48,1420,778,11412,0
tenniscourt00,18.24,19.1,0.86,17.46,1729,745,6901,0
tenniscourt01,9.07,10.04,0.97,16.35,468,581,3565,0
tenniscourt02,37.17,32.56,-4.61,18.04,4584,2581,3362,0
tenniscourt03,31.82,36.73,4.91,12.72,4653,162,2339,0
tenniscourt04,39.54,40.28,0.74,25.67,2513,459,4572,0
tenniscourt05,48.71,38.65,-10.06,18.8,4657,3492,6172,0
tenniscourt06,45.91,44.66,-1.25,13.39,2495,3631,4958,0
tenniscourt07,14.95,26.55,11.6,14.69,8149,853,481,0
tenniscourt08,46.36,60.49,14.13,19.0,7688,2874,1195,0
tenniscourt09,27.76,23.18,-4.58,13.57,730,4543,5777,0
tenniscourt10,19.3,15.27,-4.03,48.02,3606,12749,23136,0
tenniscourt11,14.09,31.52,17.43,61.93,27304,265,1058,0
tenniscourt12,27.2,33.77,6.57,22.17,1540,294,3498,0
tenniscourt13,13.64,16.15,2.5,10.05,3595,931,798,0
tenniscourt14,33.94,35.18,1.24,10.05,3573,662,878,0
tenniscourt15,33.68,35.99,2.31,8.5,2331,301,1868,0
tenniscourt16,44.75,47.58,2.84,14.48,5194,919,2383,0
tenniscourt17,32.52,32.68,0.16,12.68,1858,144,1439,0
tenniscourt18,25.05,25.7,0.65,7.65,2145,336,1653,0
tenniscourt19,26.99,27.8,0.81,6.89,1975,149,302,0
tenniscourt20,25.16,26.35,1.2,16.24,2650,708,5575,0
tenniscourt21,38.35,40.5,2.15,8.18,1494,303,2255,0
tenniscourt22,20.83,23.62,2.79,16.36,1137,1320,2906,0
tenniscourt23,30.03,36.22,6.19,28.07,15415,515,1818,0
tenniscourt24,23.61,30.11,6.5,24.5,4212,1142,11343,0
tenniscourt25,20.16,20.45,0.29,14.38,1622,96,6786,0
tenniscourt26,11.16,13.16,2.0,32.81,1240,330,19907,0
tenniscourt27,25.63,28.35,2.72,44.71,3478,1933,21559,0
tenniscourt28,30.02,31.81,1.79,14.28,1513,898,2825,0
tenniscourt29,37.63,38.18,0.55,14.75,2309,726,1890,0
tenniscourt30,35.74,38.44,2.7,14.17,3421,2078,4942,0
tenniscourt31,37.16,37.68,0.53,8.7,1458,421,910,0
tenniscourt32,27.7,30.94,3.25,21.46,6708,188,4948,0
tenniscourt33,16.24,18.92,2.67,36.4,5831,1092,4530,0
tenniscourt34,21.81,21.28,-0.54,26.07,3685,3495,8222,0
tenniscourt35,28.94,32.34,3.41,24.98,2473,129,2893,0
tenniscourt36,29.53,31.22,1.69,7.06,1357,166,942,0
tenniscourt37,12.45,22.67,10.22,83.16,48007,293,5708,0
tenniscourt38,24.72,39.47,14.76,72.54,41398,249,3611,0
tenniscourt39,39.6,39.32,-0.29,4.09,870,409,951,0
tenniscourt40,40.57,35.88,-4.69,6.21,1675,834,1352,0
tenniscourt41,22.18,22.3,0.12,7.97,1347,588,1618,0
tenniscourt42,30.94,33.84,2.91,11.45,3206,431,3001,0
tenniscourt43,25.8,36.68,10.88,19.29,7216,485,4171,0
tenniscourt44,25.83,36.23,10.4,62.74,37596,85,2420,0
tenniscourt45,13.67,19.02,5.35,15.79,4871,585,3252,0
tenniscourt46,19.93,29.29,9.36,25.53,13555,482,1708,0
tenniscourt47,14.12,23.29,9.17,35.81,15661,2098,3490,0
tenniscourt48,17.5,30.17,12.67,40.95,10535,272,12257,0
tenniscourt49,33.29,32.23,-1.06,12.84,2079,1064,2457,0
tenniscourt50,33.85,34.18,0.34,21.48,4552,674,2302,0
tenniscourt51,25.59,29.93,4.34,31.38,5600,2962,11664,0
tenniscourt52,26.24,39.13,12.89,31.93,16347,2114,3802,0
tenniscourt53,47.65,47.86,0.2,8.25,542,2351,4070,0
tenniscourt54,36.45,37.09,0.64,35.63,12816,4251,6180,0
tenniscourt55,30.8,34.84,4.04,18.18,4428,404,1528,0
tenniscourt56,39.09,38.2,-0.89,15.14,1011,1911,4166,0
tenniscourt57,20.71,27.06,6.35,35.97,10735,64,1346,0
tenniscourt58,29.6,37.15,7.55,17.45,7542,323,1972,0
tenniscourt59,39.66,45.08,5.43,19.96,7448,1372,1316,0
tenniscourt60,29.95,43.68,13.74,24.04,7724,774,5948,0
tenniscourt61,25.1,28.91,3.81,41.14,11017,4221,7702,0
tenniscourt62,38.29,38.9,0.62,9.65,1826,624,2703,0
tenniscourt63,19.45,22.84,3.39,34.13,9821,263,5524,0
tenniscourt64,33.89,33.03,-0.86,15.01,651,1026,6299,0
tenniscourt65,40.78,40.41,-0.37,4.93,882,325,807,0
tenniscourt66,32.12,39.16,7.03,9.38,3723,618,992,0
tenniscourt67,40.61,44.5,3.89,27.98,9578,2630,4538,0
tenniscourt68,36.54,28.0,-8.54,35.71,1437,17882,5517,0
tenniscourt69,41.91,39.99,-1.92,11.13,1197,1156,1810,0
tenniscourt70,38.3,38.66,0.36,8.78,1524,967,2739,0
tenniscourt71,22.04,31.47,9.43,36.93,7154,6344,14794,0
tenniscourt72,21.49,30.79,9.3,22.79,8911,2165,3870,0
tenniscourt73,30.39,29.58,-0.81,13.74,1199,1801,3473,0
tenniscourt74,36.64,36.78,0.15,11.24,2314,434,2141,0
tenniscourt75,20.9,30.22,9.33,26.08,8197,1117,2237,0
tenniscourt76,36.39,39.76,3.37,23.42,5114,4811,6251,0
tenniscourt77,25.92,37.19,11.27,20.6,6703,637,2476,0
tenniscourt78,38.99,39.53,0.54,9.09,466,465,4342,0
tenniscourt79,27.55,29.13,1.58,19.53,2941,624,3535,0
tenniscourt80,55.86,57.27,1.41,4.55,2020,69,664,0
tenniscourt81,41.58,64.6,23.02,34.5,21513,173,603,0
tenniscourt82,49.02,48.65,-0.37,5.87,570,929,1913,0
tenniscourt83,39.26,41.99,2.74,11.84,2917,489,628,0
tenniscourt84,15.02,35.17,20.15,49.3,27261,267,4824,0
tenniscourt85,40.78,44.76,3.98,10.5,4692,228,1356,0
tenniscourt86,29.04,28.7,-0.34,8.24,573,522,2604,0
tenniscourt87,36.01,36.81,0.8,5.35,1516,142,1581,0
tenniscourt88,28.21,30.44,2.23,38.15,6571,55,3905,0
tenniscourt89,34.04,47.72,13.68,44.12,22305,69,1774,0
tenniscourt90,17.01,25.55,8.54,50.34,16808,586,1139,0
tenniscourt91,23.83,36.73,12.9,51.82,20334,321,1834,0
tenniscourt92,18.96,32.23,13.27,39.6,21135,1568,1771,0
tenniscourt93,38.39,39.72,1.33,30.58,3286,475,4366,0
tenniscourt94,40.41,44.17,3.76,38.2,9036,133,3407,0
tenniscourt95,27.88,33.11,5.23,41.33,10627,200,208,0
tenniscourt96,33.16,33.21,0.05,9.2,743,272,3489,0
tenniscourt97,41.87,40.39,-1.48,32.84,596,837,2969,0
tenniscourt98,40.11,43.72,3.61,7.06,750,924,3294,0
tenniscourt99,40.63,42.16,1.54,20.84,7731,1027,2167,0
